geo_point_2d;numero;nb_carrefours;nom;nom_complet;date_maj;pps;sonore;tc;tm_htm;insee_commune;genre;code_tournee
43.6004912928,1.44567266016;1;1;ESQUIROL - METZ;1 : ESQUIROL - METZ;2015-11-23T01:00:00+01:00;NON;VOCAL;NON;TM;31555;CARREFOUR STANDARD;T01
43.5928542909,1.44443255394;7;2;LAFOURCADE - SAINT MICHEL;7 : LAFOURCADE - SAINT MICHEL;2015-11-23T01:00:00+01:00;NON;SONORE;TRAM;TM;31555;CARREFOUR STANDARD;T01
43.5659134888,1.39607419395;568;1;LEFEBVRE-REYNERIE;568 : LEFEBVRE-REYNERIE;2015-11-23T01:00:00+01:00;NON;SONORE;NON;TM;31555;CARREFOUR STANDARD;T08
43.6154479937,1.49353236801;5023;1;ARENES St JEAN - BALMA;5023 : ARENES St JEAN - BALMA;2015-11-23T01:00:00+01:00;NON;SONORE;NON;TM;31044;CARREFOUR STANDARD;T05
43.6150103981,1.44241014414;41;1;SAINT HONEST - MATABIAU;41 : SAINT HONEST - MATABIAU;2015-11-23T01:00:00+01:00;NON;VOCAL;NON;TM;31555;CARREFOUR PIETON;T02
43.5502692017,1.42096341982;673;2;JOULIN - ESPAGNE;673 : JOULIN - ESPAGNE;2019-12-02T01:00:00+01:00;NON;SONORE;TC;TM;31555;CARREFOUR PIETON;
43.585843202,1.34022511002;6911;1;GUYENNE - LANGUEDOC;6911 : GUYENNE - LANGUEDOC;2019-03-26T01:00:00+01:00;NON;SONORE;TC;TM;31557;CARREFOUR STANDARD;
43.6120837183,1.42530727223;48;1;PONT DU BEARNAIS;48 : PONT DU BEARNAIS;2015-11-23T01:00:00+01:00;NON;SONORE;NON;TM;31555;CARREFOUR STANDARD;T02
43.5928090527,1.43442740996;49;1;FER A CHEVAL;49 : FER A CHEVAL;2015-11-23T01:00:00+01:00;NON;SONORE;TRAM;TM;31555;CARREFOUR STANDARD;T01
43.5700488739,1.30830359157;9105;1;WIESEL  - ROUTE DE TOULOUSE;9105 : WIESEL  - ROUTE DE TOULOUSE;2019-01-04T01:00:00+01:00;NON;SONORE;TC;HTM;31424;CARREFOUR STANDARD;
43.5960293429,1.45392154054;64;1;SABATIER - BOULINGRIN;64 : SABATIER - BOULINGRIN;2015-11-23T01:00:00+01:00;NON;SONORE;NON;TM;31555;CARREFOUR PIETON;T01
43.6234159215,1.43436524459;98;1;MARC ARCIS - MINIMES;98 : MARC ARCIS - MINIMES;2015-11-23T01:00:00+01:00;NON;VOCAL;NON;TM;31555;CARREFOUR STANDARD;T02
43.5913234653,1.41900012789;116;1;EMILE MALE;116 : EMILE MALE;2015-11-23T01:00:00+01:00;NON;SONORE;TRAM;TM;31555;CARREFOUR STANDARD;T09
43.5905351716,1.42026974156;151;1;NUNGESSER & COLI - DEODAT;151 : NUNGESSER & COLI - DEODAT;2015-11-23T01:00:00+01:00;NON;SONORE;TRAM;TM;31555;CARREFOUR STANDARD;T08
43.5821035882,1.46309891259;156;1;MEDITERRANEE - MARINE;156 : MEDITERRANEE - MARINE;2015-11-23T01:00:00+01:00;NON;SONORE;NON;TM;31555;CARREFOUR STANDARD;T02
43.6061417855,1.43465979628;172;1;ECOLE SAINTE BARBE - DUPORTAL;172 : ECOLE SAINTE BARBE - DUPORTAL;2015-11-23T01:00:00+01:00;NON;VOCAL;NON;TM;31555;CARREFOUR PIETON;T01
43.6150720435,1.42099795182;193;1;DAYDE - SUISSE;193 : DAYDE - SUISSE;2015-11-23T01:00:00+01:00;NON;SONORE;NON;TM;31555;CARREFOUR STANDARD;T02
43.5945852218,1.45692932262;205;1;MULE - DORVAL;205 : MULE - DORVAL;2015-11-23T01:00:00+01:00;NON;VOCAL;NON;TM;31555;CARREFOUR STANDARD;T02
43.6252167747,1.44107212837;206;1;LYCEE TOULOUSE LAUTREC - CURIE;206 : LYCEE TOULOUSE LAUTREC - CURIE;2015-11-23T01:00:00+01:00;NON;SONORE;NON;TM;31555;CARREFOUR STANDARD;T03
43.5724640817,1.41843312826;211;1;TOURAINE - SEYSSES;211 : TOURAINE - SEYSSES;2015-11-23T01:00:00+01:00;NON;SONORE;NON;TM;31555;CARREFOUR STANDARD;T08
43.5884680603,1.43992110598;189;2;JUIN - LONGAUD;189 : JUIN - LONGAUD;2015-11-23T01:00:00+01:00;NON;SONORE;NON;TM;31555;CARREFOUR STANDARD;T07
43.5909771338,1.38372690413;192;1;MOLETTE - LARDENNE;192 : MOLETTE - LARDENNE;2018-11-27T01:00:00+01:00;NON;VOCAL;NON;TM;31555;CARREFOUR STANDARD;T09
43.6405703862,1.46629730722;228;1;BANVILLE - ALBI;228 : BANVILLE - ALBI;2015-11-23T01:00:00+01:00;NON;SONORE;NON;TM;31555;CARREFOUR STANDARD;T04
43.6097393284,1.42053400454;264;1;ECOLE  AMIDONNIERS - BRIENNE;264 : ECOLE  AMIDONNIERS - BRIENNE;2015-11-23T01:00:00+01:00;NON;SONORE;NON;TM;31555;CARREFOUR PIETON;T01
43.6250231064,1.46537098338;231;1;SAINTE AUGUSTINE - MICHOUN;231 : SAINTE AUGUSTINE - MICHOUN;2015-11-23T01:00:00+01:00;NON;SONORE;NON;TM;31555;CARREFOUR STANDARD;T04
43.6066788861,1.43047056879;242;1;LECLERC - BARCELONE;242 : LECLERC - BARCELONE;2015-11-23T01:00:00+01:00;NON;VOCAL;NON;TM;31555;CARREFOUR STANDARD;T01
43.6099011356,1.4056587225;281;1;LUMIERE - CASSELARDIT;281 : LUMIERE - CASSELARDIT;2015-11-23T01:00:00+01:00;NON;SONORE;NON;TM;31555;CARREFOUR STANDARD;T10
43.5896326332,1.43204885923;299;1;PHOEBUS - MURET;299 : PHOEBUS - MURET;2015-11-23T01:00:00+01:00;NON;SONORE;TRAM;TM;31555;CARREFOUR STANDARD;T07
43.5885185231,1.42339227207;305;1;PN 7- DEODAT;305 : PN 7- DEODAT;2015-11-23T01:00:00+01:00;NON;SONORE;TRAM;TM;31555;CARREFOUR PIETON;T08
43.5888768131,1.45753008303;307;1;PPS JAPON - DEMOISELLES;307 : PPS JAPON - DEMOISELLES;2019-02-08T01:00:00+01:00;PPS;SONORE;NON;TM;31555;CARREFOUR PPS;T02
43.5813092332,1.43849518638;274;1;TOULON - TASSIGNY;274 : TOULON - TASSIGNY;2015-11-23T01:00:00+01:00;NON;SONORE;NON;TM;31555;CARREFOUR STANDARD;T07
43.6393419364,1.43338342581;304;1;MINT - FRONTON;304 : MINT - FRONTON;2015-11-23T01:00:00+01:00;NON;SONORE;NON;TM;31555;CARREFOUR STANDARD;T03
43.5974634548,1.48161694193;308;1;AUBISQUE - CASTRES;308 : AUBISQUE - CASTRES;2015-11-23T01:00:00+01:00;NON;SONORE;NON;TM;31555;CARREFOUR STANDARD;T05
43.5802604805,1.39105622966;366;1;VIOLET LE DUC - PASSERIEU;366 : VIOLET LE DUC - PASSERIEU;2015-11-23T01:00:00+01:00;NON;SONORE;NON;TM;31555;CARREFOUR STANDARD;T09
43.5932831729,1.3935737605;370;1;TISSIE - LARDENNE;370 : TISSIE - LARDENNE;2018-11-27T01:00:00+01:00;NON;VOCAL;NON;TM;31555;CARREFOUR STANDARD;T09
43.5920971373,1.39955868142;382;1;COURSES - LARDENNE;382 : COURSES - LARDENNE;2015-11-23T01:00:00+01:00;NON;SONORE;NON;TM;31555;CARREFOUR STANDARD;T09
43.5920292599,1.39821757308;383;1;VITARELLES - LARDENNE;383 : VITARELLES - LARDENNE;2015-11-23T01:00:00+01:00;NON;SONORE;NON;TM;31555;CARREFOUR STANDARD;T09
43.6365672091,1.46434673579;418;1;CUVIER - ALBI;418 : CUVIER - ALBI;2015-11-23T01:00:00+01:00;NON;VOCAL;NON;TM;31555;CARREFOUR PIETON;T04
43.6127564796,1.4522772026;435;1;GARE ROUTIERE - SEMARD;435 : GARE ROUTIERE - SEMARD;2015-11-23T01:00:00+01:00;NON;SONORE;NON;TM;31555;CARREFOUR STANDARD;T02
43.6133461551,1.44638612695;443;1;CONCORDE - PRINTEMPS;443 : CONCORDE - PRINTEMPS;2015-11-23T01:00:00+01:00;NON;SONORE;NON;TM;31555;CARREFOUR STANDARD;T02
43.6150467651,1.44787147772;444;1;CONCORDE - MATABIAU;444 : CONCORDE - MATABIAU;2015-11-23T01:00:00+01:00;NON;VOCAL;NON;TM;31555;CARREFOUR STANDARD;T02
43.5872269863,1.46184604071;459;1;TROIS FOURS - SAINT EXUPERY;459 : TROIS FOURS - SAINT EXUPERY;2015-11-23T01:00:00+01:00;NON;VOCAL;NON;TM;31555;CARREFOUR STANDARD;T05
43.6116579563,1.45628480214;469;1;PERIOLE - MARENGO;469 : PERIOLE - MARENGO;2015-11-23T01:00:00+01:00;NON;VOCAL;NON;TM;31555;CARREFOUR STANDARD;T04
43.6107652572,1.45744519391;471;1;MONTCABRIER - MARENGO;471 : MONTCABRIER - MARENGO;2015-11-23T01:00:00+01:00;NON;VOCAL;NON;TM;31555;CARREFOUR STANDARD;T04
43.5866684515,1.42617880949;490;1;PAIN LEVE - DEODAT DE SEVERAC;490 : PAIN LEVE - DEODAT DE SEVERAC;2015-11-23T01:00:00+01:00;NON;SONORE;TRAM;TM;31555;CARREFOUR STANDARD;T08
43.6017695961,1.45838732543;503;1;PAPIN - PUJOL;503 : PAPIN - PUJOL;2015-11-23T01:00:00+01:00;NON;VOCAL;NON;TM;31555;CARREFOUR PIETON;T05
43.6652562759,1.36120510798;5602;1;BD DE L'EUROPE - ROND POINT GAROSSOS;5602 : BD DE L'EUROPE - ROND POINT GAROSSOS;2019-10-16T02:00:00+02:00;NON;SONORE;TRAM;TM;31056;CARREFOUR STANDARD;
43.6023047488,1.42037319139;520;1;PPS JEAN BHUNES - BOURRASSOL;520 : PPS JEAN BHUNES - BOURRASSOL;2015-11-23T01:00:00+01:00;PPS;VOCAL;NON;TM;31555;CARREFOUR PPS;T10
43.5548469278,1.46803472135;478;1;LAFAY - NARBONNE;478 : LAFAY - NARBONNE;2015-11-23T01:00:00+01:00;NON;SONORE;TCSP;TM;31555;CARREFOUR STANDARD;T06
43.557103041,1.46513576878;479;1;MARFAING - NARBONNE;479 : MARFAING - NARBONNE;2015-11-23T01:00:00+01:00;NON;SONORE;TCSP;TM;31555;CARREFOUR STANDARD;T06
43.6053569181,1.47991680523;482;1;CHATEAU DE L'HERS - CHAUBET;482 : CHATEAU DE L'HERS - CHAUBET;2015-11-23T01:00:00+01:00;NON;SONORE;NON;TM;31555;CARREFOUR STANDARD;T05
43.6154978828,1.40995423572;536;1;GAYRAL - BLAGNAC;536 : GAYRAL - BLAGNAC;2018-04-17T02:00:00+02:00;NON;SONORE;NON;TM;31555;CARREFOUR STANDARD;T02
43.6103027237,1.47908559621;546;1;PPS PELLEPORT - PLANA;546 : PPS PELLEPORT - PLANA;2015-11-27T01:00:00+01:00;PPS;VOCAL;NON;TM;31555;CARREFOUR PPS;T04
43.5885985587,1.42110119443;565;1;MOZART - VESTREPAIN;565 : MOZART - VESTREPAIN;2015-11-23T01:00:00+01:00;NON;SONORE;NON;TM;31555;CARREFOUR PIETON;T08
43.5823094273,1.41415330492;566;1;BERGES - DESBALS;566 : BERGES - DESBALS;2015-11-23T01:00:00+01:00;NON;SONORE;NON;TM;31555;CARREFOUR PIETON;T08
43.6153347721,1.4441894674;539;1;COLIGNON - MINIMES;539 : COLIGNON - MINIMES;2020-03-06T01:00:00+01:00;NON;SONORE;NON;TM;31555;CARREFOUR STANDARD;T02
43.6025466039,1.45652874837;576;1;CAMICHEL ESCANDE;576 : CAMICHEL ESCANDE;2016-12-14T01:00:00+01:00;NON;VOCAL;NON;TM;31555;CARREFOUR PIETON;T02
43.6013653592,1.41206278677;600;1;MASSONIE - GRANDE BRETAGNE;600 : MASSONIE - GRANDE BRETAGNE;2015-11-23T01:00:00+01:00;NON;SONORE;TRAM;TM;31555;CARREFOUR PIETON;T10
43.6092385954,1.47076808167;564;2;PPS SOUPETARD - CRETES;564 : PPS SOUPETARD - CRETES;2015-11-23T01:00:00+01:00;PPS;SONORE;NON;TM;31555;CARREFOUR PPS;T04
43.6084502162,1.42560315677;619;1;PPS FRANKLIN - BARCELONE;619 : PPS FRANKLIN - BARCELONE;2016-12-14T01:00:00+01:00;PPS;VOCAL;NON;TM;31555;CARREFOUR PPS;T01
43.5701024148,1.39076766377;626;3;GIRATOIRE BASSO CAMBO - VCSM;626 : GIRATOIRE BASSO CAMBO - VCSM;2015-11-23T01:00:00+01:00;NON;SONORE;TCSP;TM;31555;CARREFOUR STANDARD;T08
43.6476343039,1.4556594311;657;1;Echangeur Borderouge NORD;657 : Echangeur Borderouge NORD;2016-12-14T01:00:00+01:00;NON;SONORE;NON;TM;31555;CARREFOUR STANDARD;T03
43.6008257482,1.40371951127;644;1;SUZANNE NOEL TOEC;644 : SUZANNE NOEL TOEC;2016-12-14T01:00:00+01:00;NON;SONORE;NON;TM;31555;CARREFOUR STANDARD;T10
43.5947287302,1.4989199886;5018;1;HAMEAU DE LASBORDES - BALMA;5018 : HAMEAU DE LASBORDES - BALMA;2015-11-23T01:00:00+01:00;NON;SONORE;NON;TM;31044;CARREFOUR PIETON;T05
43.6592761439,1.48707768771;5104;1;SANCY - RN88;5104 : SANCY - RN88;2015-11-23T01:00:00+01:00;NON;SONORE;NON;TM;31561;CARREFOUR STANDARD;T04
43.6520050502,1.49765935342;5105;1;PYRENEES - St JEAN;5105 : PYRENEES - St JEAN;2015-11-23T01:00:00+01:00;NON;SONORE;NON;TM;31561;CARREFOUR STANDARD;T04
43.6072529824,1.46771649747;663;1;PPS GLOIRE - SOUPETARD;663 : PPS GLOIRE - SOUPETARD;2017-05-24T02:00:00+02:00;PPS;VOCAL;NON;TM;31555;CARREFOUR PPS;T04
43.5492387484,1.47930361629;5203;1;MARNAC RD813 - RAMONVILLE;5203 : MARNAC RD813 - RAMONVILLE;2015-11-23T01:00:00+01:00;NON;SONORE;TCSP;HTM;31446;CARREFOUR STANDARD;T06
43.5481715877,1.47218270407;5213;1;PPS BAUDELAIRE - RAMONVILLE;5213 : PPS BAUDELAIRE - RAMONVILLE;2016-12-14T01:00:00+01:00;PPS;SONORE;NON;HTM;31446;CARREFOUR PPS;T06
43.5057887608,1.50820815987;5402;1;MALADIE RD813;5402 : MALADIE RD813;2015-11-23T01:00:00+01:00;NON;SONORE;TCSP;HTM;31113;CARREFOUR STANDARD;T06
43.6510897064,1.37406983788;5519;1;BERLIOZ SAND - BLAGNAC;5519 : BERLIOZ SAND - BLAGNAC;2015-11-23T01:00:00+01:00;NON;SONORE;TRAM;TM;31069;CARREFOUR STANDARD;T10
43.6527473302,1.374057462;5520;1;CARPENTIER ANDROMEDE - BLAGNAC;5520 : CARPENTIER ANDROMEDE - BLAGNAC;2015-11-23T01:00:00+01:00;NON;SONORE;TRAM;TM;31069;CARREFOUR STANDARD;T10
43.654358954,1.37341769741;5521;1;SAVARY ANDROMEDE - BLAGNAC;5521 : SAVARY ANDROMEDE - BLAGNAC;2015-11-23T01:00:00+01:00;NON;SONORE;TRAM;TM;31069;CARREFOUR STANDARD;T10
43.6306197438,1.37660966399;5542;1;LINDBERGH AEROPORT- BLAGNAC;5542 : LINDBERGH AEROPORT- BLAGNAC;2015-11-23T01:00:00+01:00;NON;SONORE;TRAM;TM;31069;CARREFOUR STANDARD;T10
43.633237867,1.38854115188;5547;1;BELISAIRE - PARC;5547 : BELISAIRE - PARC;2015-11-23T01:00:00+01:00;NON;SONORE;NON;TM;31069;CARREFOUR STANDARD;T10
43.6371029837,1.39487503921;5548;1;CARRIERE MURIERS - BLAGNAC;5548 : CARRIERE MURIERS - BLAGNAC;2015-11-23T01:00:00+01:00;NON;SONORE;NON;TM;31069;CARREFOUR STANDARD;T10
43.5528835933,1.35563720169;6008;3;BOURDETTES RD23;6008 : BOURDETTES RD23;2015-11-23T01:00:00+01:00;NON;SONORE;TCSP;TM;31157;CARREFOUR STANDARD;T09
43.662871781,1.49764005142;7101;1;NEGRIER - ST JEAN;7101 : NEGRIER - ST JEAN;2015-11-23T01:00:00+01:00;NON;SONORE;NON;TM;31488;CARREFOUR STANDARD;T04
43.6140990202,1.46606285176;562;2;PPS GUILLAUMET - CRETES;562 : PPS GUILLAUMET - CRETES;2015-11-23T01:00:00+01:00;PPS;SONORE;NON;TM;31555;CARREFOUR PPS;T04
43.5996959365,1.45234341843;378;1;MONUMENT AUX COMBATTANTS - VERDIER;378 : MONUMENT AUX COMBATTANTS - VERDIER;2015-11-23T01:00:00+01:00;NON;SONORE;NON;TM;31555;CARREFOUR STANDARD;T01
43.5769722726,1.42192284618;489;1;PPS BOURGELAT - SEYSSES;489 : PPS BOURGELAT - SEYSSES;2015-11-23T01:00:00+01:00;PPS;VOCAL;NON;TM;31555;CARREFOUR PPS;T08
43.6001217191,1.44260158541;91;2;ASSEZAT - METZ;91 : ASSEZAT - METZ;2017-12-05T01:00:00+01:00;NON;VOCAL;NON;TM;31555;CARREFOUR STANDARD;T01
43.5937214491,1.39166744047;214;1;CALQUET - LARDENNE;214 : CALQUET - LARDENNE;2018-11-27T01:00:00+01:00;NON;VOCAL;NON;TM;31555;CARREFOUR STANDARD;T09
43.5866532744,1.44699566696;250;1;GORP - SAINT MICHEL;250 : GORP - SAINT MICHEL;2017-12-05T01:00:00+01:00;NON;VOCAL;NON;TM;31555;CARREFOUR STANDARD;T07
43.5730410456,1.42427333081;138;1;PPS GALLIENI - 92 Rte d'ESPAGNE;138 : PPS GALLIENI - 92 Rte d'ESPAGNE;2019-12-31T01:00:00+01:00;PPS;SONORE;NON;TM;31555;CARREFOUR PPS;T07
43.6071987496,1.42827770848;27;1;PONT SEJOURNE;27 : PONT SEJOURNE;2015-11-23T01:00:00+01:00;NON;VOCAL;NON;TM;31555;CARREFOUR STANDARD;T01
43.5985240703,1.45642480067;15;1;PONT MONTAUDRAN;15 : PONT MONTAUDRAN;2015-11-23T01:00:00+01:00;NON;SONORE;NON;TM;31555;CARREFOUR STANDARD;T02
43.5967964436,1.452151339;-9999;1;VERDIER - BOULINGRIN;393-2 : VERDIER - BOULINGRIN;2020-01-16T01:00:00+01:00;NON;VOCAL;NON;TM;31555;CARREFOUR PIETON;T01
43.579715896,1.48124593647;202;1;BREGUET - SAINT EXUPERY;202 : BREGUET - SAINT EXUPERY;2020-01-02T01:00:00+01:00;NON;SONORE;NON;TM;31555;CARREFOUR STANDARD;T05
43.6639539016,1.41446402466;582;1;GARE LACOURTENSOURT - ETATS UNIS;582 : GARE LACOURTENSOURT - ETATS UNIS;2017-12-05T01:00:00+01:00;NON;VOCAL;NON;TM;31555;CARREFOUR PIETON;T03
43.5844006478,1.44787003813;31;1;URSS - RECOLLETS;31 : URSS - RECOLLETS;2015-11-23T01:00:00+01:00;NON;SONORE;NON;TM;31555;CARREFOUR STANDARD;T07
43.583336697,1.42685820488;42;1;ALES - MURET;42 : ALES - MURET;2015-11-23T01:00:00+01:00;NON;SONORE;NON;TM;31555;CARREFOUR STANDARD;T07
43.6636967623,1.4307654812;183;1;MOULIS - FRONTON;183 : MOULIS - FRONTON;2015-11-23T01:00:00+01:00;NON;SONORE;NON;TM;31555;CARREFOUR STANDARD;T03
43.5629629623,1.42517072103;72;1;GIRONIS - ESPAGNE;72 : GIRONIS - ESPAGNE;2015-11-23T01:00:00+01:00;NON;SONORE;TCSP;TM;31555;CARREFOUR STANDARD;T07
43.5978464402,1.41992334172;76;1;BARRIERE DE BAYONNE;76 : BARRIERE DE BAYONNE;2015-11-23T01:00:00+01:00;NON;SONORE;NON;TM;31555;CARREFOUR STANDARD;T10
43.6009553113,1.42857306556;135;1;ABATTOIRS - FITTE;135 : ABATTOIRS - FITTE;2015-11-23T01:00:00+01:00;NON;VOCAL;NON;TM;31555;CARREFOUR STANDARD;T01
43.5654546759,1.41057619693;137;1;LALANNE - SEYSSES;137 : LALANNE - SEYSSES;2015-11-23T01:00:00+01:00;NON;SONORE;NON;TM;31555;CARREFOUR STANDARD;T08
43.5704134949,1.3860466745;627;1;MESPLE CAMBOULIVES - VCSM;627 : MESPLE CAMBOULIVES - VCSM;2015-11-23T01:00:00+01:00;NON;SONORE;TCSP;TM;31555;CARREFOUR STANDARD;T09
43.5722365743,1.38283645455;628;1;CAMBOULIVES  St SIMON- VCSM;628 : CAMBOULIVES  St SIMON- VCSM;2015-11-23T01:00:00+01:00;NON;SONORE;TCSP;TM;31555;CARREFOUR STANDARD;T09
43.6092564551,1.44502895355;143;1;SAINT BERNARD - STRASBOURG;143 : SAINT BERNARD - STRASBOURG;2015-11-23T01:00:00+01:00;NON;VOCAL;NON;TM;31555;CARREFOUR STANDARD;T01
43.5296705499,1.48832027999;5303;1;PONT DE BOIS RD813;5303 : PONT DE BOIS RD813;2015-11-23T01:00:00+01:00;NON;SONORE;TCSP;HTM;31035;CARREFOUR STANDARD;T06
43.59784526,1.43082707786;10;1;ROGUET - FITTE;10 : ROGUET - FITTE;2015-11-23T01:00:00+01:00;NON;VOCAL;NON;TM;31555;CARREFOUR STANDARD;T01
43.6114937377,1.45269437264;11;1;GARE MATABIAU;11 : GARE MATABIAU;2015-11-23T01:00:00+01:00;NON;SONORE;NON;TM;31555;CARREFOUR STANDARD;T02
43.5988769819,1.43241156013;20;1;RECLUSANE - PONT ST PIERRE;20 : RECLUSANE - PONT ST PIERRE;2015-11-23T01:00:00+01:00;NON;VOCAL;NON;TM;31555;CARREFOUR STANDARD;T01
43.5836671236,1.3359329948;6909;1;PETIT TRAIN - SAINT PIERRE;6909 : PETIT TRAIN - SAINT PIERRE;2018-12-04T01:00:00+01:00;NON;VOCAL;NON;TM;31557;CARREFOUR STANDARD;
43.589451152,1.4219473871;65;1;VESTREPAIN - DEODAT DE SEVERAC;65 : VESTREPAIN - DEODAT DE SEVERAC;2015-11-23T01:00:00+01:00;NON;SONORE;TRAM;TM;31555;CARREFOUR STANDARD;T08
43.6202060727,1.4412318665;66;1;ANGES - NEGRENEYS;66 : ANGES - NEGRENEYS;2015-11-23T01:00:00+01:00;NON;VOCAL;NON;TM;31555;CARREFOUR STANDARD;T03
43.5699654386,1.45547474001;73;1;COTEAUX - NARBONNE;73 : COTEAUX - NARBONNE;2015-11-23T01:00:00+01:00;NON;SONORE;NON;TM;31555;CARREFOUR STANDARD;T06
43.6179997788,1.39665724127;105;1;FLAMBERE - ARENES  ROMAINES;105 : FLAMBERE - ARENES  ROMAINES;2015-11-23T01:00:00+01:00;NON;SONORE;TRAM;TM;31555;CARREFOUR STANDARD;T10
43.5900715949,1.3778963738;107;1;PPS SAUVEGRAIN - LARDENNE;107 : PPS SAUVEGRAIN - LARDENNE;2018-11-27T01:00:00+01:00;PPS;VOCAL;NON;TM;31555;CARREFOUR PPS;T09
43.6036786996,1.40691884039;153;1;CASSELARDIT - GRANDE BRETAGNE;153 : CASSELARDIT - GRANDE BRETAGNE;2015-11-23T01:00:00+01:00;NON;SONORE;TRAM;TM;31555;CARREFOUR STANDARD;T10
43.5832799375,1.41481517285;160;1;MERMOZ - DESBALS;160 : MERMOZ - DESBALS;2015-11-23T01:00:00+01:00;NON;SONORE;NON;TM;31555;CARREFOUR STANDARD;T08
43.6366514562,1.44418766014;174;1;RENAN - AUDIBERT;174 : RENAN - AUDIBERT;2015-11-23T01:00:00+01:00;NON;SONORE;NON;TM;31555;CARREFOUR STANDARD;T03
43.6006133468,1.46389220521;168;1;NAVES - PUJOL;168 : NAVES - PUJOL;2015-11-23T01:00:00+01:00;NON;SONORE;NON;TM;31555;CARREFOUR STANDARD;T05
43.6438895856,1.46839097013;208;1;ECHANGEUR CROIX DAURADE - ALBI;208 : ECHANGEUR CROIX DAURADE - ALBI;2015-11-23T01:00:00+01:00;NON;SONORE;NON;TM;31555;CARREFOUR STANDARD;T04
43.5730953453,1.49320796002;220;1;DAURAT - REVEL;220 : DAURAT - REVEL;2015-11-23T01:00:00+01:00;NON;SONORE;NON;TM;31555;CARREFOUR STANDARD;T06
43.5930609605,1.42853932576;239;1;GAZAGNE - ARC SAINT CYPRIEN;239 : GAZAGNE - ARC SAINT CYPRIEN;2015-11-23T01:00:00+01:00;NON;SONORE;NON;TM;31555;CARREFOUR STANDARD;T08
43.5815264107,1.47581721033;244;1;PPS BUTTE - SAINT EXUPERY;244 : PPS BUTTE - SAINT EXUPERY;2015-11-23T01:00:00+01:00;PPS;VOCAL;NON;TM;31555;CARREFOUR PPS;T05
43.6123168875,1.45852667168;248;1;LIBRE ECHANGE - POMPIDOU;248 : LIBRE ECHANGE - POMPIDOU;2015-11-23T01:00:00+01:00;NON;VOCAL;NON;TM;31555;CARREFOUR PIETON;T04
43.6154208368,1.44238446566;267;1;SAINT HONEST - MINIMES;267 : SAINT HONEST - MINIMES;2015-11-23T01:00:00+01:00;NON;VOCAL;NON;TM;31555;CARREFOUR PIETON;T02
43.6289526918,1.47652261449;235;1;CAMBARD - ATLANTA;235 : CAMBARD - ATLANTA;2015-11-23T01:00:00+01:00;NON;SONORE;NON;TM;31555;CARREFOUR STANDARD;T04
43.615978855,1.44055936947;295;1;NEGRENEYS - MINIMES;295 : NEGRENEYS - MINIMES;2015-11-23T01:00:00+01:00;NON;VOCAL;NON;TM;31555;CARREFOUR STANDARD;T02
43.6223431697,1.43486855999;325;1;BIALAR - MINIMES;325 : BIALAR - MINIMES;2015-11-23T01:00:00+01:00;NON;VOCAL;NON;TM;31555;CARREFOUR STANDARD;T02
43.576587741,1.450980813;326;1;PPS DANTON - JULES JULIEN;326 : PPS DANTON - JULES JULIEN;2015-11-23T01:00:00+01:00;PPS;VOCAL;NON;TM;31555;CARREFOUR PPS;T07
43.5775600986,1.45202713318;340;1;BRIAND - RANGUEIL;340 : BRIAND - RANGUEIL;2015-11-23T01:00:00+01:00;NON;SONORE;NON;TM;31555;CARREFOUR STANDARD;T07
43.6452617737,1.46928570285;343;1;SARRETTE - ALBI;343 : SARRETTE - ALBI;2015-11-23T01:00:00+01:00;NON;SONORE;NON;TM;31555;CARREFOUR STANDARD;T04
43.6589548348,1.41893335558;344;1;ALLENDE - ETATS UNIS;344 : ALLENDE - ETATS UNIS;2015-11-23T01:00:00+01:00;NON;SONORE;NON;TM;31555;CARREFOUR STANDARD;T03
43.5823101849,1.37047146046;363;1;GAILLARDIE - RAMELET MOUNDI;363 : GAILLARDIE - RAMELET MOUNDI;2015-11-23T01:00:00+01:00;NON;SONORE;NON;TM;31555;CARREFOUR STANDARD;T09
43.5966680096,1.45574128271;374;1;PORT SAINT SAUVEUR - SABATIER;374 : PORT SAINT SAUVEUR - SABATIER;2015-11-23T01:00:00+01:00;NON;VOCAL;NON;TM;31555;CARREFOUR PIETON;T02
43.5898429918,1.41519565742;371;1;14 JUILLET - ST SIMON;371 : 14 JUILLET - ST SIMON;2015-11-23T01:00:00+01:00;NON;SONORE;NON;TM;31555;CARREFOUR STANDARD;T09
43.5907586863,1.41772914553;390;1;GERBAULT - SAINT SIMON;390 : GERBAULT - SAINT SIMON;2015-11-23T01:00:00+01:00;NON;SONORE;NON;TM;31555;CARREFOUR STANDARD;T09
43.6253158994,1.45430435805;401;1;FRENAY - LAPUJADE;401 : FRENAY - LAPUJADE;2015-11-23T01:00:00+01:00;NON;SONORE;NON;TM;31555;CARREFOUR STANDARD;T03
43.6054178033,1.42813288107;386;1;BAZACLE - SEJOURNE;386 : BAZACLE - SEJOURNE;2015-11-23T01:00:00+01:00;NON;VOCAL;NON;TM;31555;CARREFOUR STANDARD;T01
43.5658785153,1.39391857014;410;1;CAHUZAC - REYNERIE;410 : CAHUZAC - REYNERIE;2015-11-23T01:00:00+01:00;NON;SONORE;TCSP;TM;31555;CARREFOUR STANDARD;T08
43.6099832128,1.45506976595;433;1;COMPANS - MARENGO;433 : COMPANS - MARENGO;2015-11-23T01:00:00+01:00;NON;VOCAL;NON;TM;31555;CARREFOUR STANDARD;T04
43.615176645,1.43450262893;466;1;HOTEL DU DEPARTEMENT - MARQUETTE;466 : HOTEL DU DEPARTEMENT - MARQUETTE;2015-11-23T01:00:00+01:00;NON;SONORE;NON;TM;31555;CARREFOUR STANDARD;T02
43.6107321167,1.45500794124;472;1;MARENGO - SNCF;472 : MARENGO - SNCF;2015-11-23T01:00:00+01:00;NON;VOCAL;NON;TM;31555;CARREFOUR STANDARD;T04
43.5629497338,1.39156083398;505;2;PPS OURLIAC;505 : PPS OURLIAC;2015-11-23T01:00:00+01:00;PPS;VOCAL;NON;TM;31555;CARREFOUR PPS;T08
43.6352617932,1.45279221541;485;1;LANUSSE - BOURGES MAUNOURY;485 : LANUSSE - BOURGES MAUNOURY;2015-11-23T01:00:00+01:00;NON;SONORE;NON;TM;31555;CARREFOUR STANDARD;T03
43.6259833049,1.43393571627;541;1;LAMBIC - MINIMES;541 : LAMBIC - MINIMES;2015-11-23T01:00:00+01:00;NON;VOCAL;NON;TM;31555;CARREFOUR PIETON;T02
43.6430471978,1.45597471789;552;1;ARTHAUD - NETWILLER;552 : ARTHAUD - NETWILLER;2015-11-23T01:00:00+01:00;NON;SONORE;TCSP;TM;31555;CARREFOUR STANDARD;T03
43.6546183773,1.43781257362;558;1;WOOLF - LAUNAGUET;558 : WOOLF - LAUNAGUET;2015-11-23T01:00:00+01:00;NON;SONORE;NON;TM;31555;CARREFOUR STANDARD;T03
43.6365290922,1.43328785452;547;1;PADER - FRONTON;547 : PADER - FRONTON;2019-04-29T02:00:00+02:00;NON;VOCAL;NON;TM;31555;CARREFOUR STANDARD;T03
43.6409867089,1.45273357596;550;1;GARE BUS - NETWILLER;550 : GARE BUS - NETWILLER;2015-11-23T01:00:00+01:00;NON;SONORE;TCSP;TM;31555;CARREFOUR STANDARD;T03
43.5577872614,1.50358238738;574;1;GRIFFON - LABEGE;574 : GRIFFON - LABEGE;2015-11-23T01:00:00+01:00;NON;SONORE;NON;TM;31555;CARREFOUR PIETON;T06
43.5994817819,1.45596022718;610;1;PORT St ETIENNE - MONTAUDRAN;610 : PORT St ETIENNE - MONTAUDRAN;2015-11-23T01:00:00+01:00;NON;SONORE;NON;TM;31555;CARREFOUR STANDARD;T02
43.6410113909,1.43914555131;620;1;PPS VAN DYCK - LAUNAGUET;620 : PPS VAN DYCK - LAUNAGUET;2015-11-23T01:00:00+01:00;PPS;VOCAL;NON;TM;31555;CARREFOUR PPS;T03
43.6227646818,1.45867080881;632;1;PPS DIEU BONNEFOY;632 : PPS DIEU BONNEFOY;2016-12-14T01:00:00+01:00;PPS;VOCAL;NON;TM;31555;CARREFOUR PPS;T04
43.5952041323,1.41635192402;642;1;SANS - LOMBEZ;642 : SANS - LOMBEZ;2015-11-23T01:00:00+01:00;NON;SONORE;NON;TM;31555;CARREFOUR PIETON;T10
43.6273079237,1.48273479566;5017;1;CARENES PRAT_LONG - BALMA;5017 : CARENES PRAT_LONG - BALMA;2015-11-23T01:00:00+01:00;NON;SONORE;TCSP;TM;31044;CARREFOUR STANDARD;T04
43.603419811,1.50461834566;5024;1;MITTERRAND PRADEL - BALMA;5024 : MITTERRAND PRADEL - BALMA;2015-11-23T01:00:00+01:00;NON;SONORE;NON;TM;31044;CARREFOUR STANDARD;T05
43.5512045714,1.46998748258;5207;1;EGLISE TOLOSANE - RAMONVILLE;5207 : EGLISE TOLOSANE - RAMONVILLE;2015-11-23T01:00:00+01:00;NON;SONORE;NON;HTM;31446;CARREFOUR STANDARD;T06
43.5467973622,1.47361114318;5209;1;BAC TOLOSANE - RAMONVILLE;5209 : BAC TOLOSANE - RAMONVILLE;2015-11-23T01:00:00+01:00;NON;SONORE;NON;HTM;31446;CARREFOUR STANDARD;T06
43.6312558213,1.39140870379;5504;1;GUYENNE - Rte GRENADE BLAGNAC;5504 : GUYENNE - Rte GRENADE BLAGNAC;2015-11-23T01:00:00+01:00;NON;SONORE;TRAM;TM;31069;CARREFOUR STANDARD;T10
43.6360666159,1.38590915683;5509;1;TILLEULS  MURIERS - BLAGNAC;5509 : TILLEULS  MURIERS - BLAGNAC;2015-11-23T01:00:00+01:00;NON;SONORE;TRAM;TM;31069;CARREFOUR STANDARD;T10
43.6411943871,1.38031963417;5513;2;PLACE DE CATALOGNE - BLAGNAC;5513 : PLACE DE CATALOGNE - BLAGNAC;2015-11-23T01:00:00+01:00;NON;SONORE;TRAM;TM;31069;CARREFOUR STANDARD;T10
43.6479367577,1.37560480166;5517;1;PLACE GEORGES BRASSENS - BLAGNAC;5517 : PLACE GEORGES BRASSENS - BLAGNAC;2015-11-23T01:00:00+01:00;NON;SONORE;TRAM;TM;31069;CARREFOUR STANDARD;T10
43.6489673871,1.37500522941;5518;1;SAND BRASSENS - BLAGNAC;5518 : SAND BRASSENS - BLAGNAC;2015-11-23T01:00:00+01:00;NON;SONORE;TRAM;TM;31069;CARREFOUR STANDARD;T10
43.6618145061,1.3636149608;5524;1;ZIEGLER REPUBLIQUE - BLAGNAC;5524 : ZIEGLER REPUBLIQUE - BLAGNAC;2015-11-23T01:00:00+01:00;NON;SONORE;TRAM;TM;31069;CARREFOUR STANDARD;T10
43.6288865925,1.38004862609;5538;1;N° 7 AVENUE DIDIER DAURAT - BLAGNAC;5538 : N° 7 AVENUE DIDIER DAURAT - BLAGNAC;2015-11-23T01:00:00+01:00;NON;SONORE;TRAM;TM;31069;CARREFOUR STANDARD;T10
43.6296121435,1.37810342455;5540;1;N° 27 RUE CHARLES LINDBERGH - BLAGNAC;5540 : N° 27 RUE CHARLES LINDBERGH - BLAGNAC;2015-11-23T01:00:00+01:00;NON;SONORE;TRAM;TM;31069;CARREFOUR STANDARD;T10
43.6217681372,1.39548335755;5544;1;CUISINE CENTRALE - BLAGNAC;5544 : CUISINE CENTRALE - BLAGNAC;2015-11-23T01:00:00+01:00;NON;SONORE;TRAM;TM;31069;CARREFOUR STANDARD;T10
43.6623276144,1.3677317107;5604;1;REPUBLIQUE NOUGARO - BEAUZELLE;5604 : REPUBLIQUE NOUGARO - BEAUZELLE;2015-11-23T01:00:00+01:00;NON;SONORE;TRAM;TM;31056;CARREFOUR STANDARD;T10
43.5484592358,1.35093108469;6009;1;PETIT JEAN RD23;6009 : PETIT JEAN RD23;2015-11-23T01:00:00+01:00;NON;SONORE;TCSP;TM;31157;CARREFOUR STANDARD;T09
43.6015522818,1.41162680152;622;1;184 AVENUE GRANDE BRETAGNE;622 : 184 AVENUE GRANDE BRETAGNE;2017-10-17T02:00:00+02:00;NON;SONORE;NON;TM;31555;CARREFOUR PIETON;AUCUN
43.5723902981,1.49547708465;333;1;REVEL - ROCADE CAMPAGNE;333 : REVEL - ROCADE CAMPAGNE;2015-11-23T01:00:00+01:00;NON;SONORE;NON;TM;31555;CARREFOUR STANDARD;T06
43.5750721129,1.42421977406;457;2;PPS OUSTALOUS -  ESPAGNE;457 : PPS OUSTALOUS -  ESPAGNE;2015-11-23T01:00:00+01:00;PPS;VOCAL;NON;TM;31555;CARREFOUR PPS;T07
43.5583679687,1.4641376347;476;1;PPS RANGUEIL PARC - NARBONNE;476 : PPS RANGUEIL PARC - NARBONNE;2015-11-23T01:00:00+01:00;PPS;SONORE;NON;TM;31555;CARREFOUR PPS;T06
43.6191318963,1.45665009086;39;1;BETEILLE - BONNEFOY;39 : BETEILLE - BONNEFOY;2017-12-05T01:00:00+01:00;NON;VOCAL;NON;TM;31555;CARREFOUR PIETON;T04
43.6268981238,1.45898854814;664;1;BILA - ALBI;664 : BILA - ALBI;2018-04-05T02:00:00+02:00;NON;VOCAL;NON;TM;31555;CARREFOUR PIETON;T04
43.6063241234,1.35532694303;660;1;BENOZZI -CAULET;660 : BENOZZI -CAULET;2018-12-13T01:00:00+01:00;NON;SONORE;NON;TM;31555;CARREFOUR STANDARD;
43.589853172,1.37056830037;364;1;MONTAGNE - LARDENNE;364 : MONTAGNE - LARDENNE;2018-11-27T01:00:00+01:00;NON;VOCAL;NON;TM;31555;CARREFOUR STANDARD;T09
43.5902440536,1.36792326914;252;1;MAXWELL - LARDENNE;252 : MAXWELL - LARDENNE;2018-11-27T01:00:00+01:00;NON;VOCAL;NON;TM;31555;CARREFOUR STANDARD;T09
43.5867219657,1.49100987985;515;1;PPS CITE DE L'ESPACE - GONORD;515 : PPS CITE DE L'ESPACE - GONORD;2015-11-23T01:00:00+01:00;PPS;SONORE;NON;TM;31555;CARREFOUR PPS;T05
43.6139387744,1.45076860143;8;1;PONT MATABIAU;8 : PONT MATABIAU;2015-11-23T01:00:00+01:00;NON;SONORE;NON;TM;31555;CARREFOUR STANDARD;T02
43.5839174919,1.44418709661;32;1;FERETRA - RECOLLETS;32 : FERETRA - RECOLLETS;2015-11-23T01:00:00+01:00;NON;SONORE;NON;TM;31555;CARREFOUR STANDARD;T07
43.5773634947,1.43633670753;33;1;TASSIGNY - SELLIER;33 : TASSIGNY - SELLIER;2015-11-23T01:00:00+01:00;NON;SONORE;NON;TM;31555;CARREFOUR STANDARD;T07
43.5887457476,1.44621083901;50;1;NOTRE DAME - SAINT MICHEL;50 : NOTRE DAME - SAINT MICHEL;2015-11-23T01:00:00+01:00;NON;SONORE;NON;TM;31555;CARREFOUR STANDARD;T07
43.5673673518,1.42480301646;557;1;GARE DE BUS - ESPAGNE;557 : GARE DE BUS - ESPAGNE;2015-11-23T01:00:00+01:00;NON;SONORE;TCSP;TM;31555;CARREFOUR STANDARD;T07
43.5721358619,1.42429566973;569;1;BACQUIE - ESPAGNE;569 : BACQUIE - ESPAGNE;2015-11-23T01:00:00+01:00;NON;SONORE;NON;TM;31555;CARREFOUR STANDARD;T07
43.5957597797,1.41945138565;75;1;BARRIERE DE LOMBEZ;75 : BARRIERE DE LOMBEZ;2015-11-23T01:00:00+01:00;NON;SONORE;NON;TM;31555;CARREFOUR STANDARD;T10
43.6176695714,1.45500849762;416;1;ARMAGNAC - BONNEFOY;416 : ARMAGNAC - BONNEFOY;2015-11-23T01:00:00+01:00;NON;VOCAL;NON;TM;31555;CARREFOUR STANDARD;T04
43.5948174025,1.48833983446;83;1;LASBORDES - CASTRES;83 : LASBORDES - CASTRES;2015-11-23T01:00:00+01:00;NON;SONORE;NON;TM;31555;CARREFOUR STANDARD;T05
43.6165726133,1.47289144265;86;1;GUILLAUMET - PLANA;86 : GUILLAUMET - PLANA;2015-11-23T01:00:00+01:00;NON;SONORE;NON;TM;31555;CARREFOUR STANDARD;T04
43.6064184364,1.48265815994;103;1;PLANA - CHAUBET;103 : PLANA - CHAUBET;2015-11-23T01:00:00+01:00;NON;SONORE;NON;TM;31555;CARREFOUR STANDARD;T05
43.5581309973,1.40212163126;203;1;EISENHOWER - SEYSSES;203 : EISENHOWER - SEYSSES;2015-11-23T01:00:00+01:00;NON;SONORE;NON;TM;31555;CARREFOUR STANDARD;T08
43.5627569072,1.40751691316;272;1;BELLE FONTAINE - SEYSSES;272 : BELLE FONTAINE - SEYSSES;2015-11-23T01:00:00+01:00;NON;SONORE;NON;TM;31555;CARREFOUR STANDARD;T08
43.5446916561,1.38441573831;646;1;R.T.P. - SEYSSES;646 : R.T.P. - SEYSSES;2016-12-14T01:00:00+01:00;NON;SONORE;TCSP;TM;31555;CARREFOUR STANDARD;T08
43.6005822701,1.4482192988;141;1;BOULBONNE - METZ;141 : BOULBONNE - METZ;2015-11-23T01:00:00+01:00;NON;VOCAL;NON;TM;31555;CARREFOUR STANDARD;T01
43.5345569039,1.48445211516;5301;1;LYCEE AGRICOLE RD813;5301 : LYCEE AGRICOLE RD813;2015-11-23T01:00:00+01:00;NON;SONORE;TCSP;HTM;31035;CARREFOUR PIETON;T06
43.6093884776,1.45415139415;6;1;PONT RIQUET;6 : PONT RIQUET;2015-11-23T01:00:00+01:00;NON;VOCAL;NON;TM;31555;CARREFOUR STANDARD;T02
43.5765369192,1.48742909818;17;1;ECOLE GUILLAUMET- REVEL;17 : ECOLE GUILLAUMET- REVEL;2015-11-23T01:00:00+01:00;NON;VOCAL;NON;TM;31555;CARREFOUR PIETON;T06
43.610556123,1.44341827274;18;1;MERLY - STRASBOURG;18 : MERLY - STRASBOURG;2015-11-23T01:00:00+01:00;NON;VOCAL;NON;TM;31555;CARREFOUR STANDARD;T01
43.6115437434,1.43872720222;22;1;ARNAUD BERNARD - HONORE SERRES;22 : ARNAUD BERNARD - HONORE SERRES;2015-11-23T01:00:00+01:00;NON;VOCAL;NON;TM;31555;CARREFOUR STANDARD;T01
43.5981989372,1.50515448187;5020;1;NONCESSE-BALMA;5020 : NONCESSE-BALMA;2015-11-23T01:00:00+01:00;NON;SONORE;TCSP;TM;31044;CARREFOUR STANDARD;T05
43.6498241593,1.47186858245;5101;1;LOUBERS - RN88;5101 : LOUBERS - RN88;2015-11-23T01:00:00+01:00;NON;SONORE;NON;TM;31561;CARREFOUR STANDARD;T04
43.6083069593,1.33929578529;5902;1;GILET AUCH COLOMIERS;5902 : GILET AUCH COLOMIERS;2016-12-14T01:00:00+01:00;NON;SONORE;NON;TM;31149;CARREFOUR STANDARD;T09
43.5836741707,1.45055046376;62;1;SEGOFFIN - CRAMPEL;62 : SEGOFFIN - CRAMPEL;2015-11-23T01:00:00+01:00;NON;SONORE;NON;TM;31555;CARREFOUR STANDARD;T07
43.5852266544,1.45452094262;70;1;MIDI - CRAMPEL;70 : MIDI - CRAMPEL;2015-11-23T01:00:00+01:00;NON;SONORE;NON;TM;31555;CARREFOUR STANDARD;T07
43.6255432215,1.43096085705;87;1;BOURBAKI - TRENTIN;87 : BOURBAKI - TRENTIN;2015-11-23T01:00:00+01:00;NON;SONORE;NON;TM;31555;CARREFOUR STANDARD;T02
43.5807978433,1.44931266005;94;2;PPS SAINT THOMAS D'AQUIN - URSS;94 : PPS SAINT THOMAS D'AQUIN - URSS;2015-11-23T01:00:00+01:00;PPS;VOCAL;NON;TM;31555;CARREFOUR PPS;T07
43.6140580467,1.46111608765;106;1;BLUM - JOLIMONT;106 : BLUM - JOLIMONT;2015-11-23T01:00:00+01:00;NON;SONORE;NON;TM;31555;CARREFOUR STANDARD;T04
43.5763666029,1.45501342149;109;1;LES AVIONS - BEDOUCE;109 : LES AVIONS - BEDOUCE;2015-11-23T01:00:00+01:00;NON;SONORE;NON;TM;31555;CARREFOUR STANDARD;T07
43.5791625498,1.41116015987;110;1;LAMBERT - DESBALS;110 : LAMBERT - DESBALS;2015-11-23T01:00:00+01:00;NON;SONORE;NON;TM;31555;CARREFOUR STANDARD;T08
43.6261822525,1.43717866588;111;1;BARTHE - CURIE;111 : BARTHE - CURIE;2015-11-23T01:00:00+01:00;NON;SONORE;NON;TM;31555;CARREFOUR STANDARD;T03
43.5635348064,1.46128165054;113;1;DUCUING - NARBONNE;113 : DUCUING - NARBONNE;2015-11-23T01:00:00+01:00;NON;SONORE;NON;TM;31555;CARREFOUR STANDARD;T06
43.6059459613,1.40188465169;158;1;ECOLE INFIRMIERES - GRANDE BRETAGNE;158 : ECOLE INFIRMIERES - GRANDE BRETAGNE;2015-11-23T01:00:00+01:00;NON;SONORE;TRAM;TM;31555;CARREFOUR STANDARD;T10
43.6251053965,1.47513871034;166;1;NICOL -  AGDE;166 : NICOL -  AGDE;2015-11-23T01:00:00+01:00;NON;VOCAL;NON;TM;31555;CARREFOUR PIETON;T04
43.584291983,1.4555135558;178;1;ITALIE - MIDI;178 : ITALIE - MIDI;2015-11-23T01:00:00+01:00;NON;SONORE;NON;TM;31555;CARREFOUR STANDARD;T07
43.5552016523,1.46691461157;175;1;SAUGES - NARBONNE;175 : SAUGES - NARBONNE;2015-11-23T01:00:00+01:00;NON;SONORE;TCSP;TM;31555;CARREFOUR STANDARD;T06
43.5669825832,1.45833329678;191;1;PELUDE - NARBONNE;191 : PELUDE - NARBONNE;2015-11-23T01:00:00+01:00;NON;SONORE;NON;TM;31555;CARREFOUR STANDARD;T06
43.6263406138,1.45905265763;210;1;AMOUROUX - ALBI;210 : AMOUROUX - ALBI;2015-11-23T01:00:00+01:00;NON;SONORE;NON;TM;31555;CARREFOUR STANDARD;T04
43.567934212,1.37665315794;227;1;EISENHOWER - SAINT SIMON;227 : EISENHOWER - SAINT SIMON;2015-11-23T01:00:00+01:00;NON;SONORE;TCSP;TM;31555;CARREFOUR STANDARD;T09
43.5712018074,1.49852593425;246;1;LABEGE - REVEL;246 : LABEGE - REVEL;2015-11-23T01:00:00+01:00;NON;SONORE;NON;TM;31555;CARREFOUR STANDARD;T06
43.6151659005,1.44557373219;254;1;PASSERELLE RAISIN - MATABIAU;254 : PASSERELLE RAISIN - MATABIAU;2015-11-23T01:00:00+01:00;NON;SONORE;NON;TM;31555;CARREFOUR PIETON;T02
43.6269532702,1.47752912734;232;1;AGDE - ATLANTA;232 : AGDE - ATLANTA;2018-09-25T02:00:00+02:00;NON;SONORE;NON;TM;31555;CARREFOUR STANDARD;T04
43.6386275314,1.47119422892;233;1;OHNET - ATLANTA;233 : OHNET - ATLANTA;2015-11-23T01:00:00+01:00;NON;SONORE;NON;TM;31555;CARREFOUR STANDARD;T04
43.5788077969,1.48403634712;245;1;ORMEAU - REVEL;245 : ORMEAU - REVEL;2015-11-23T01:00:00+01:00;NON;SONORE;NON;TM;31555;CARREFOUR STANDARD;T06
43.5827170608,1.44855366491;278;1;PPS ECOLE RICARDIE - URSS;278 : PPS ECOLE RICARDIE - URSS;2015-11-23T01:00:00+01:00;PPS;VOCAL;NON;TM;31555;CARREFOUR PPS;T07
43.5920959298,1.44209540281;297;1;PORT GARAUD - PONT SAINT MICHEL;297 : PORT GARAUD - PONT SAINT MICHEL;2015-11-23T01:00:00+01:00;NON;SONORE;TRAM;TM;31555;CARREFOUR STANDARD;T01
43.5928269936,1.4526513618;323;1;JARDIN DES PLANTES - MISTRAL;323 : JARDIN DES PLANTES - MISTRAL;2015-11-23T01:00:00+01:00;NON;VOCAL;NON;TM;31555;CARREFOUR PIETON;T01
43.6155463258,1.45258234493;293;1;RAYNAL - BONNEFOY;293 : RAYNAL - BONNEFOY;2015-11-23T01:00:00+01:00;NON;SONORE;NON;TM;31555;CARREFOUR STANDARD;T04
43.615270815,1.44844897836;330;1;SORTIE RAISIN - MINIMES;330 : SORTIE RAISIN - MINIMES;2015-11-23T01:00:00+01:00;NON;VOCAL;NON;TM;31555;CARREFOUR STANDARD;T02
43.5678786521,1.42477947949;672;2;LA LOGE - ESPAGNE;672 : LA LOGE - ESPAGNE;2019-12-02T01:00:00+01:00;NON;SONORE;TC;TM;31555;CARREFOUR STANDARD;
43.6101207648,1.44412405638;347;1;L'ARC - STRASBOURG;347 : L'ARC - STRASBOURG;2015-11-23T01:00:00+01:00;NON;VOCAL;NON;TM;31555;CARREFOUR PIETON;T01
43.6276665853,1.4784858769;352;1;AGDE ROCADE - VILLE BORDEAUX;352 : AGDE ROCADE - VILLE BORDEAUX;2015-11-23T01:00:00+01:00;NON;SONORE;NON;TM;31555;CARREFOUR STANDARD;T04
43.6484334706,1.43898055425;368;1;RISPET - LAUNAGUET;368 : RISPET - LAUNAGUET;2015-11-23T01:00:00+01:00;NON;SONORE;NON;TM;31555;CARREFOUR STANDARD;T03
43.5882641559,1.46456318561;373;1;CLARETIE - NOULET;373 : CLARETIE - NOULET;2015-11-23T01:00:00+01:00;NON;SONORE;NON;TM;31555;CARREFOUR STANDARD;T05
43.558759632,1.45667804253;397;1;POULHES - VALLON;397 : POULHES - VALLON;2015-11-23T01:00:00+01:00;NON;SONORE;NON;TM;31555;CARREFOUR STANDARD;T06
43.6385559887,1.46531696331;398;1;CIMETIERE - ALBI;398 : CIMETIERE - ALBI;2015-11-23T01:00:00+01:00;NON;SONORE;NON;TM;31555;CARREFOUR STANDARD;T04
43.5624616921,1.37146078824;412;1;REGUELONGUE - ST SIMON;412 : REGUELONGUE - ST SIMON;2015-11-23T01:00:00+01:00;NON;SONORE;NON;TM;31555;CARREFOUR STANDARD;T09
43.6399066646,1.46994191059;389;1;CAUNES - ATLANTA;389 : CAUNES - ATLANTA;2015-11-23T01:00:00+01:00;NON;SONORE;NON;TM;31555;CARREFOUR STANDARD;T04
43.600163285,1.45380581604;454;2;RIQUET - DUPUY;454 : RIQUET - DUPUY;2015-11-23T01:00:00+01:00;NON;VOCAL;NON;TM;31555;CARREFOUR PIETON;T02
43.560349236,1.46302621446;475;1;BELLEVUE - NARBONNE;475 : BELLEVUE - NARBONNE;2015-11-23T01:00:00+01:00;NON;SONORE;NON;TM;31555;CARREFOUR STANDARD;T06
43.6121303699,1.40269822038;495;1;HOPITAL MERE ENFANT - CASSELARDIT;495 : HOPITAL MERE ENFANT - CASSELARDIT;2015-11-23T01:00:00+01:00;NON;SONORE;NON;TM;31555;CARREFOUR STANDARD;T10
43.6472136162,1.47040407149;500;1;SAINT CAPRAIS - RN88;500 : SAINT CAPRAIS - RN88;2015-11-23T01:00:00+01:00;NON;SONORE;NON;TM;31555;CARREFOUR STANDARD;T04
43.6172525216,1.43687284558;508;1;MAIGNAN - MINIMES;508 : MAIGNAN - MINIMES;2015-11-23T01:00:00+01:00;NON;VOCAL;NON;TM;31555;CARREFOUR PIETON;T02
43.5713837389,1.46266725275;516;1;PELUDE - RANGUEIL;516 : PELUDE - RANGUEIL;2015-11-23T01:00:00+01:00;NON;SONORE;NON;TM;31555;CARREFOUR STANDARD;T06
43.5714226538,1.45390725683;521;1;PPS EYDOUX - NARBONNE;521 : PPS EYDOUX - NARBONNE;2015-11-23T01:00:00+01:00;PPS;VOCAL;NON;TM;31555;CARREFOUR PPS;T06
43.5860619871,1.4394511562;554;2;PPS PLATANES - JUIN;554 : PPS PLATANES - JUIN;2015-11-23T01:00:00+01:00;PPS;VOCAL;NON;TM;31555;CARREFOUR PPS;T07
43.5743767653,1.4025690486;584;2;PPS MAILLOL - TABAR;584 : PPS MAILLOL - TABAR;2015-11-23T01:00:00+01:00;PPS;SONORE;NON;TM;31555;CARREFOUR PPS;T08
43.5991400723,1.411225906;599;1;BADIOU - MAILLART;599 : BADIOU - MAILLART;2015-11-23T01:00:00+01:00;NON;SONORE;TRAM;TM;31555;CARREFOUR STANDARD;T10
43.6118221812,1.40158441012;605;1;PARKING BASTARD - PURPAN;605 : PARKING BASTARD - PURPAN;2015-11-23T01:00:00+01:00;NON;SONORE;TRAM;TM;31555;CARREFOUR STANDARD;T10
43.5914499675,1.38557178872;624;1;PPS EMILIE DE RODAT - LARDENNE;624 : PPS EMILIE DE RODAT - LARDENNE;2015-11-23T01:00:00+01:00;PPS;VOCAL;NON;TM;31555;CARREFOUR PPS;T09
43.5656394117,1.5004393602;634;1;SENEGAL - LABEGE;634 : SENEGAL - LABEGE;2015-11-23T01:00:00+01:00;NON;SONORE;TCSP;TM;31555;CARREFOUR STANDARD;T06
43.568592571,1.36900879161;630;1;GUILHERMY - VCSM;630 : GUILHERMY - VCSM;2015-11-23T01:00:00+01:00;NON;SONORE;TCSP;TM;31555;CARREFOUR STANDARD;T09
43.6498816251,1.45610045365;650;1;Tocqueville - BUN;650 : Tocqueville - BUN;2016-12-14T01:00:00+01:00;NON;SONORE;TCSP;TM;31555;CARREFOUR STANDARD;T03
43.6234560793,1.49371451162;5026;1;VENTENAT GALILEE - BALMA;5026 : VENTENAT GALILEE - BALMA;2015-11-23T01:00:00+01:00;NON;SONORE;NON;TM;31044;CARREFOUR STANDARD;T05
43.6582397669,1.48300676843;5103;1;PYRENEES - RN88;5103 : PYRENEES - RN88;2015-11-23T01:00:00+01:00;NON;SONORE;NON;TM;31561;CARREFOUR STANDARD;T04
43.5944902859,1.50007024973;5005;1;LIBERTE - BALMA;5005 : LIBERTE - BALMA;2015-11-23T01:00:00+01:00;NON;SONORE;TCSP;TM;31044;CARREFOUR STANDARD;T05
43.6390013506,1.38293889419;5511;1;MIMOSAS PINS - BLAGNAC;5511 : MIMOSAS PINS - BLAGNAC;2015-11-23T01:00:00+01:00;NON;SONORE;TRAM;TM;31069;CARREFOUR STANDARD;T10
43.6404286906,1.38243404496;5512;1;GENERAL DE GAULLE PINS - BLAGNAC;5512 : GENERAL DE GAULLE PINS - BLAGNAC;2015-11-23T01:00:00+01:00;NON;SONORE;TRAM;TM;31069;CARREFOUR STANDARD;T10
43.6224872782,1.39194272888;5532;1;VELASQUEZ LATECOERE - BLAGNAC;5532 : VELASQUEZ LATECOERE - BLAGNAC;2015-11-23T01:00:00+01:00;NON;SONORE;TRAM;TM;31069;CARREFOUR STANDARD;T10
43.624720944,1.38573319858;5535;1;LEROY NADOT - BLAGNAC;5535 : LEROY NADOT - BLAGNAC;2015-11-23T01:00:00+01:00;NON;SONORE;TRAM;TM;31069;CARREFOUR STANDARD;T10
43.6290471038,1.3786597327;5539;1;LINDBERGH DUFOUR - BLAGNAC;5539 : LINDBERGH DUFOUR - BLAGNAC;2015-11-23T01:00:00+01:00;NON;SONORE;TRAM;TM;31069;CARREFOUR STANDARD;T10
43.6302289465,1.37740033798;5541;1;N° 25 RUE CHARLES LINDBERGH - BLAGNAC;5541 : N° 25 RUE CHARLES LINDBERGH - BLAGNAC;2015-11-23T01:00:00+01:00;NON;SONORE;TRAM;TM;31069;CARREFOUR STANDARD;T10
43.7034451216,1.37392018264;7902;1;OUSTALET RD63 -GAGNAC;7902 : OUSTALET RD63 -GAGNAC;2017-05-24T02:00:00+02:00;NON;SONORE;NON;TM;31205;CARREFOUR PIETON;T11
43.5656896408,1.39870756604;611;1;JERUSALEM - BELLEFONTAINE;611 : JERUSALEM - BELLEFONTAINE;2015-11-23T01:00:00+01:00;NON;VOCAL;NON;TM;31555;CARREFOUR PIETON;T08
43.5813779099,1.39696077205;317;2;PPS BAZERQUE - ENTREE VILLE;317 : PPS BAZERQUE - ENTREE VILLE;2015-11-23T01:00:00+01:00;PPS;VOCAL;NON;TM;31555;CARREFOUR PPS;T09
43.6328760803,1.4316560936;37;1;FERRY - ETATS UNIS;37 : FERRY - ETATS UNIS;2017-12-05T01:00:00+01:00;NON;VOCAL;NON;TM;31555;CARREFOUR STANDARD;T03
43.6567430155,1.47951208698;5102;1;HORTENSIAS - RN88;5102 : HORTENSIAS - RN88;2018-07-03T02:00:00+02:00;NON;SONORE;NON;TM;31561;CARREFOUR STANDARD;T04
43.5985790104,1.45254679011;348;1;PPS VASES - VERDIER;348 : PPS VASES - VERDIER;2019-09-09T02:00:00+02:00;PPS;SONORE;NON;TM;31555;CARREFOUR PPS;T01
43.6187463202,1.45621046135;675;1;MASSE - BONNEFOY;675 : MASSE - BONNEFOY;2019-11-12T01:00:00+01:00;NON;SONORE;NON;TM;31555;CARREFOUR STANDARD;
43.617632796,1.46603221752;394;1;BAILLAUD - BRUNAUD;394 : BAILLAUD - BRUNAUD;2015-11-23T01:00:00+01:00;NON;SONORE;NON;TM;31555;CARREFOUR STANDARD;T04
43.54192964,1.48173109357;5204;1;8 mai 1945 RD813 -RAMONVILLE;5204 : 8 mai 1945 RD813 -RAMONVILLE;2015-11-23T01:00:00+01:00;NON;SONORE;TCSP;HTM;31446;CARREFOUR STANDARD;T06
43.5996184961,1.44058583848;12;1;DAURADE - METZ;12 : DAURADE - METZ;2015-11-23T01:00:00+01:00;NON;SONORE;NON;TM;31555;CARREFOUR STANDARD;T01
43.6288723567,1.45010133319;578;1;PPS LOUIN;578 : PPS LOUIN;2015-11-23T01:00:00+01:00;PPS;VOCAL;NON;TM;31555;CARREFOUR PPS;T03
43.6517875063,1.43256064343;613;1;PPS LAPIN - FRONTON;613 : PPS LAPIN - FRONTON;2015-11-23T01:00:00+01:00;PPS;VOCAL;NON;TM;31555;CARREFOUR PPS;T03
43.6167855662,1.45400310592;36;1;LAPUJADE - BONNEFOY;36 : LAPUJADE - BONNEFOY;2017-12-05T01:00:00+01:00;NON;VOCAL;NON;TM;31555;CARREFOUR STANDARD;T04
43.5960211973,1.43215270324;46;1;CUGNAUX - FITTE;46 : CUGNAUX - FITTE;2015-11-23T01:00:00+01:00;NON;VOCAL;NON;TM;31555;CARREFOUR STANDARD;T01
43.5954505841,1.45130139825;55;1;GUESDE - BOULINGRIN;55 : GUESDE - BOULINGRIN;2015-11-23T01:00:00+01:00;NON;SONORE;NON;TM;31555;CARREFOUR STANDARD;T01
43.5876732369,1.46052188564;59;1;PONT DES DEMOISELLES;59 : PONT DES DEMOISELLES;2015-11-23T01:00:00+01:00;NON;SONORE;NON;TM;31555;CARREFOUR STANDARD;T02
43.6107346252,1.43597084278;71;1;LASCROSSES - RUE LASCROSSES;71 : LASCROSSES - RUE LASCROSSES;2015-11-23T01:00:00+01:00;NON;VOCAL;NON;TM;31555;CARREFOUR STANDARD;T01
43.6007143426,1.46791908772;74;1;CAMILLE PUJOL - CHAUBET;74 : CAMILLE PUJOL - CHAUBET;2015-11-23T01:00:00+01:00;NON;SONORE;NON;TM;31555;CARREFOUR STANDARD;T05
43.5839989073,1.39936146438;121;1;ROND POINT CEPIERE;121 : ROND POINT CEPIERE;2015-11-23T01:00:00+01:00;NON;SONORE;NON;TM;31555;CARREFOUR STANDARD;T09
43.5752772379,1.48928069888;125;1;PAYSSAT - REVEL;125 : PAYSSAT - REVEL;2015-11-23T01:00:00+01:00;NON;SONORE;NON;TM;31555;CARREFOUR STANDARD;T06
43.6127384521,1.4487652825;119;1;ROQUELAINE - MATABIAU;119 : ROQUELAINE - MATABIAU;2015-11-23T01:00:00+01:00;NON;SONORE;NON;TM;31555;CARREFOUR STANDARD;T01
43.5621802642,1.40677640115;449;1;CHEVERRY - SEYSSES;449 : CHEVERRY - SEYSSES;2015-11-23T01:00:00+01:00;NON;SONORE;NON;TM;31555;CARREFOUR STANDARD;T08
43.5595396251,1.40358158779;456;1;BOSQUETS - SEYSSES;456 : BOSQUETS - SEYSSES;2015-11-23T01:00:00+01:00;NON;SONORE;NON;TM;31555;CARREFOUR STANDARD;T08
43.5698987354,1.37980730495;629;1;CAMMAS St SIMON - VCSM;629 : CAMMAS St SIMON - VCSM;2015-11-23T01:00:00+01:00;NON;SONORE;TCSP;TM;31555;CARREFOUR STANDARD;T09
43.5377182779,1.36929348546;9001;1;ENTREE BASE FRANCAZAL-SEYSSES PORTET;9001 : ENTREE BASE FRANCAZAL-SEYSSES PORTET;2016-12-14T01:00:00+01:00;NON;SONORE;TCSP;HTM;31157;CARREFOUR STANDARD;T08
43.6043524173,1.45009815516;180;1;LABEDA - CARNOT;180 : LABEDA - CARNOT;2015-11-23T01:00:00+01:00;NON;VOCAL;NON;TM;31555;CARREFOUR STANDARD;T01
43.5278379564,1.49010959101;5304;1;BORDEROUGE RD813;5304 : BORDEROUGE RD813;2015-11-23T01:00:00+01:00;NON;SONORE;TCSP;HTM;31035;CARREFOUR STANDARD;T06
43.5228694266,1.49465546963;5401;1;PEUPLIER RD813;5401 : PEUPLIER RD813;2015-11-23T01:00:00+01:00;NON;SONORE;TCSP;HTM;31113;CARREFOUR STANDARD;T06
43.6057085662,1.44868219143;3;1;ROOSEVELT - CARNOT;3 : ROOSEVELT - CARNOT;2015-11-23T01:00:00+01:00;NON;VOCAL;NON;TM;31555;CARREFOUR STANDARD;T01
43.6160749477,1.43728387371;9;1;PONT DES MINIMES;9 : PONT DES MINIMES;2015-11-23T01:00:00+01:00;NON;VOCAL;NON;TM;31555;CARREFOUR STANDARD;T02
43.6008534504,1.45652981254;16;1;PONT GUILHEMERY;16 : PONT GUILHEMERY;2015-11-23T01:00:00+01:00;NON;SONORE;NON;TM;31555;CARREFOUR STANDARD;T02
43.5965603948,1.42400241479;23;1;TCHAD - BILLIERES;23 : TCHAD - BILLIERES;2015-11-23T01:00:00+01:00;NON;VOCAL;NON;TM;31555;CARREFOUR PIETON;T09
43.6096561107,1.49374688254;5019;1;EOROPE LILAS - BALMA;5019 : EOROPE LILAS - BALMA;2015-11-23T01:00:00+01:00;NON;SONORE;TCSP;TM;31044;CARREFOUR STANDARD;T05
43.5922732561,1.43999162717;34;1;RAMIER - PONT ST MICHEL;34 : RAMIER - PONT ST MICHEL;2015-11-23T01:00:00+01:00;NON;SONORE;TRAM;TM;31555;CARREFOUR STANDARD;T01
43.5884095608,1.35880354756;6910;1;SAINT EXUPERY - DOUMERGUE;6910 : SAINT EXUPERY - DOUMERGUE;2018-08-30T02:00:00+02:00;NON;VOCAL;NON;TM;31557;CARREFOUR STANDARD;
43.5660521643,1.29788339234;9103;1;PEYROLIERES - PYRENEES;9103 : PEYROLIERES - PYRENEES;2018-12-06T01:00:00+01:00;NON;VOCAL;NON;HTM;31424;CARREFOUR STANDARD;
43.5642696091,1.29346897626;9106;1;MAUBEC -  PYRENEES;9106 : MAUBEC -  PYRENEES;2018-12-21T01:00:00+01:00;NON;VOCAL;NON;HTM;31424;CARREFOUR STANDARD;
43.5851363017,1.42835455258;57;1;CROIX DE PIERRE;57 : CROIX DE PIERRE;2015-11-23T01:00:00+01:00;NON;SONORE;TRAM;TM;31555;CARREFOUR STANDARD;T07
43.6268811157,1.43380231399;88;1;BARRIERE DE PARIS;88 : BARRIERE DE PARIS;2015-11-23T01:00:00+01:00;NON;SONORE;NON;TM;31555;CARREFOUR STANDARD;T02
43.6083503841,1.42829275352;26;1;HERACLES - LASCROSSES;26 : HERACLES - LASCROSSES;2015-11-23T01:00:00+01:00;NON;VOCAL;NON;TM;31555;CARREFOUR STANDARD;T01
43.6079684081,1.39736317042;122;1;PLACE BAYLAC;122 : PLACE BAYLAC;2015-11-23T01:00:00+01:00;NON;SONORE;NON;TM;31555;CARREFOUR STANDARD;T09
43.6137266099,1.43801201272;126;1;GODOLIN - HONORE SERRES;126 : GODOLIN - HONORE SERRES;2015-11-23T01:00:00+01:00;NON;VOCAL;NON;TM;31555;CARREFOUR PIETON;T02
43.5797131402,1.44593402942;147;1;SAINT ROCH - CASERNES;147 : SAINT ROCH - CASERNES;2015-11-23T01:00:00+01:00;NON;SONORE;NON;TM;31555;CARREFOUR STANDARD;T07
43.6238675842,1.42777948974;148;1;VERNE - TRENTIN;148 : VERNE - TRENTIN;2015-11-23T01:00:00+01:00;NON;SONORE;NON;TM;31555;CARREFOUR STANDARD;T02
43.5618912403,1.39074281296;184;1;OURLIAC - EISENHOWER;184 : OURLIAC - EISENHOWER;2015-11-23T01:00:00+01:00;NON;SONORE;NON;TM;31555;CARREFOUR STANDARD;T08
43.5651791297,1.37367719982;218;1;LIFFART - ST SIMON;218 : LIFFART - ST SIMON;2015-11-23T01:00:00+01:00;NON;SONORE;NON;TM;31555;CARREFOUR STANDARD;T09
43.5925237083,1.40171303064;213;1;TOEC - LARDENNE;213 : TOEC - LARDENNE;2015-11-23T01:00:00+01:00;NON;SONORE;NON;TM;31555;CARREFOUR STANDARD;T09
43.6007318081,1.47602893442;197;1;CRETES - CASTRES;197 : CRETES - CASTRES;2015-11-23T01:00:00+01:00;NON;SONORE;NON;TM;31555;CARREFOUR STANDARD;T05
43.5912622735,1.46919676808;219;1;RIEUX - DELTOUR;219 : RIEUX - DELTOUR;2015-11-23T01:00:00+01:00;NON;SONORE;NON;TM;31555;CARREFOUR STANDARD;T05
43.6036510273,1.45661234072;258;1;PASSERELLE SAINT AUBIN - ESCANDE;258 : PASSERELLE SAINT AUBIN - ESCANDE;2015-11-23T01:00:00+01:00;NON;VOCAL;NON;TM;31555;CARREFOUR PIETON;T02
43.6311632664,1.43816665947;261;1;LOUBENS - LAUNAGUET;261 : LOUBENS - LAUNAGUET;2015-11-23T01:00:00+01:00;NON;SONORE;NON;TM;31555;CARREFOUR STANDARD;T03
43.6091356198,1.4236919342;265;1;LEMERCIER  - BARCELONE;265 : LEMERCIER  - BARCELONE;2015-11-23T01:00:00+01:00;NON;SONORE;NON;TM;31555;CARREFOUR PIETON;T01
43.6357898807,1.47292369291;234;1;VASSEUR - ATLANTA;234 : VASSEUR - ATLANTA;2015-11-23T01:00:00+01:00;NON;SONORE;NON;TM;31555;CARREFOUR STANDARD;T04
43.6273416391,1.44572756016;275;2;BOURGES MAUNOURY - RENAN;275 : BOURGES MAUNOURY - RENAN;2015-11-23T01:00:00+01:00;NON;SONORE;NON;TM;31555;CARREFOUR STANDARD;T03
43.592994276,1.404388744;290;1;PPS BROMBACH - LARDENNE;290 : PPS BROMBACH - LARDENNE;2015-11-23T01:00:00+01:00;PPS;VOCAL;NON;TM;31555;CARREFOUR PPS;T09
43.6155475186,1.43402168829;306;1;HOTEL DE POLICE - EMBOUCHURE;306 : HOTEL DE POLICE - EMBOUCHURE;2015-11-23T01:00:00+01:00;NON;SONORE;NON;TM;31555;CARREFOUR STANDARD;T02
43.5927846769,1.45329119174;322;1;MONTPLAISIR - MISTRAL;322 : MONTPLAISIR - MISTRAL;2015-11-23T01:00:00+01:00;NON;VOCAL;NON;TM;31555;CARREFOUR PIETON;T01
43.6090771843,1.43066990315;286;1;SEBASTOPOL - LASCROSSES;286 : SEBASTOPOL - LASCROSSES;2015-11-23T01:00:00+01:00;NON;VOCAL;NON;TM;31555;CARREFOUR STANDARD;T01
43.5662325865,1.40651822971;327;1;GAUGUIN - LALANNE;327 : GAUGUIN - LALANNE;2015-11-23T01:00:00+01:00;NON;SONORE;NON;TM;31555;CARREFOUR PIETON;T08
43.6489827774,1.43292362508;346;1;ZAY - FRONTON;346 : ZAY - FRONTON;2015-11-23T01:00:00+01:00;NON;SONORE;NON;TM;31555;CARREFOUR STANDARD;T03
43.5562701565,1.40044504462;400;1;LARRIEU - SEYSSES;400 : LARRIEU - SEYSSES;2015-11-23T01:00:00+01:00;NON;SONORE;NON;TM;31555;CARREFOUR STANDARD;T08
43.6276923832,1.45219816037;406;1;FRENAY - RAYNAL;406 : FRENAY - RAYNAL;2015-11-23T01:00:00+01:00;NON;SONORE;NON;TM;31555;CARREFOUR STANDARD;T03
43.612549938,1.42857273719;379;1;MARQUETTE - SEBASTOPOL;379 : MARQUETTE - SEBASTOPOL;2015-11-23T01:00:00+01:00;NON;SONORE;NON;TM;31555;CARREFOUR STANDARD;T02
43.5910101191,1.46029235217;436;1;VITET - DORVAL;436 : VITET - DORVAL;2015-11-23T01:00:00+01:00;NON;SONORE;NON;TM;31555;CARREFOUR STANDARD;T02
43.6310260243,1.47543371651;442;1;COLUMBUS - ATLANTA;442 : COLUMBUS - ATLANTA;2015-11-23T01:00:00+01:00;NON;SONORE;NON;TM;31555;CARREFOUR STANDARD;T04
43.5530328584,1.46874536087;465;1;TOLOSANE - GRANDS CHENES;465 : TOLOSANE - GRANDS CHENES;2015-11-23T01:00:00+01:00;NON;SONORE;NON;TM;31555;CARREFOUR STANDARD;T06
43.6101156003,1.45639735595;470;1;MOIROUD - MARENGO;470 : MOIROUD - MARENGO;2015-11-23T01:00:00+01:00;NON;VOCAL;NON;TM;31555;CARREFOUR STANDARD;T04
43.6023119672,1.45185229857;480;1;CARAMAN - CARNOT;480 : CARAMAN - CARNOT;2015-11-23T01:00:00+01:00;NON;VOCAL;NON;TM;31555;CARREFOUR PIETON;T01
43.596962937,1.41972076707;474;1;KOENIGS - ROQUEMAUREL;474 : KOENIGS - ROQUEMAUREL;2018-04-12T02:00:00+02:00;NON;SONORE;NON;TM;31555;CARREFOUR STANDARD;T10
43.5558447066,1.46625345732;477;1;BOURDETTE - NARBONNE;477 : BOURDETTE - NARBONNE;2015-11-23T01:00:00+01:00;NON;SONORE;TCSP;TM;31555;CARREFOUR STANDARD;T06
43.5969111585,1.45671283537;544;1;SEEL - St SAUVEUR;544 : SEEL - St SAUVEUR;2015-11-23T01:00:00+01:00;NON;SONORE;NON;TM;31555;CARREFOUR STANDARD;T02
43.612436353,1.45163212138;538;1;RAYMOND IV - MATABIAU;538 : RAYMOND IV - MATABIAU;2015-11-23T01:00:00+01:00;NON;SONORE;NON;TM;31555;CARREFOUR STANDARD;T02
43.591130447,1.44133138086;555;2;PPS MENUISIERS - JUIN;555 : PPS MENUISIERS - JUIN;2015-11-23T01:00:00+01:00;PPS;SONORE;NON;TM;31555;CARREFOUR PPS;T07
43.6060525755,1.43065970697;556;1;ABREUVOIR  ST PIERRE - BRIENNE;556 : ABREUVOIR  ST PIERRE - BRIENNE;2016-12-14T01:00:00+01:00;NON;VOCAL;NON;TM;31555;CARREFOUR PIETON;T01
43.6102160673,1.45289687125;592;1;BORN - BONREPOS;592 : BORN - BONREPOS;2015-11-23T01:00:00+01:00;NON;SONORE;NON;TM;31555;CARREFOUR STANDARD;T02
43.5624290684,1.48424551072;589;1;I.A.S - TARFAYA;589 : I.A.S - TARFAYA;2015-11-23T01:00:00+01:00;NON;SONORE;TCSP;TM;31555;CARREFOUR STANDARD;T06
43.5948061207,1.40967475164;597;1;STATION ZENITH - MAILLART;597 : STATION ZENITH - MAILLART;2015-11-23T01:00:00+01:00;NON;SONORE;TRAM;TM;31555;CARREFOUR STANDARD;T10
43.6076573873,1.43119795596;577;1;SARCEY - LECLERC;577 : SARCEY - LECLERC;2015-11-23T01:00:00+01:00;NON;VOCAL;NON;TM;31555;CARREFOUR PIETON;T01
43.6130959995,1.41977059387;623;1;POLITKOVSKAIA - SUISSE;623 : POLITKOVSKAIA - SUISSE;2015-11-23T01:00:00+01:00;NON;SONORE;NON;TM;31555;CARREFOUR STANDARD;T02
43.5740748018,1.47380785526;633;1;PPS POLDERMAN -  LESPINET;633 : PPS POLDERMAN -  LESPINET;2015-11-23T01:00:00+01:00;PPS;VOCAL;NON;TM;31555;CARREFOUR PPS;T02
43.5674564192,1.50659860082;635;2;SANTIAGO DU CHILI - REVEL;635 : SANTIAGO DU CHILI - REVEL;2015-11-23T01:00:00+01:00;NON;SONORE;TCSP;TM;31555;CARREFOUR STANDARD;T06
43.5662475276,1.3797752982;639;1;CAP GEMINI - EISENHOWER;639 : CAP GEMINI - EISENHOWER;2015-11-23T01:00:00+01:00;NON;SONORE;NON;TM;31555;CARREFOUR STANDARD;T09
43.6020183747,1.40368832382;645;1;BOYALS - TOEC;645 : BOYALS - TOEC;2016-12-14T01:00:00+01:00;NON;SONORE;NON;TM;31555;CARREFOUR STANDARD;T10
43.6520344522,1.45758943569;651;1;PALEFICAT - BUN;651 : PALEFICAT - BUN;2016-12-14T01:00:00+01:00;NON;SONORE;TCSP;TM;31555;CARREFOUR STANDARD;T03
43.6545920764,1.45961596214;652;1;Virebent - BUN;652 : Virebent - BUN;2016-12-14T01:00:00+01:00;NON;SONORE;TCSP;TM;31555;CARREFOUR STANDARD;T03
43.5926148816,1.41898291139;704;1;GARE BUS - ARENES;704 : GARE BUS - ARENES;2015-11-23T01:00:00+01:00;NON;SONORE;TRAM;TM;31555;CARREFOUR STANDARD;T10
43.6548115382,1.43225042558;614;1;PPS ALPHAND - FRONTON;614 : PPS ALPHAND - FRONTON;2015-11-23T01:00:00+01:00;PPS;VOCAL;NON;TM;31555;CARREFOUR PPS;T03
43.5403470745,1.47910468026;5212;1;2 ORMEAUX TOLOSANE - RAMONVILLE;5212 : 2 ORMEAUX TOLOSANE - RAMONVILLE;2015-11-23T01:00:00+01:00;NON;SONORE;NON;HTM;31446;CARREFOUR STANDARD;T06
43.6228701736,1.39518820714;5502;2;SAINT MICHEL DU TOUCH - Rte GRENADE BLAGNAC;5502 : SAINT MICHEL DU TOUCH - Rte GRENADE BLAGNAC;2015-11-23T01:00:00+01:00;NON;SONORE;TRAM;TM;31069;CARREFOUR STANDARD;T10
43.6342580581,1.39099411201;5505;2;BELISAIRE - Rte GRENADE BLAGNAC;5505 : BELISAIRE - Rte GRENADE BLAGNAC;2015-11-23T01:00:00+01:00;NON;SONORE;TRAM;TM;31069;CARREFOUR STANDARD;T10
43.6441600145,1.37890077831;5515;1;ARAGON MARTIN - BLAGNAC;5515 : ARAGON MARTIN - BLAGNAC;2015-11-23T01:00:00+01:00;NON;SONORE;TRAM;TM;31069;CARREFOUR STANDARD;T10
43.6451255495,1.3761555662;5516;1;MONTAIGNE DALI - BLAGNAC;5516 : MONTAIGNE DALI - BLAGNAC;2015-11-23T01:00:00+01:00;NON;SONORE;TRAM;TM;31069;CARREFOUR STANDARD;T10
43.6554267417,1.36759212311;5530;1;ANDROMEDE - BLAGNAC;5530 : ANDROMEDE - BLAGNAC;2015-11-23T01:00:00+01:00;NON;SONORE;NON;TM;31069;CARREFOUR STANDARD;T10
43.6218197139,1.39451586883;5531;1;St MICHEL LATECOERE - BLAGNAC;5531 : St MICHEL LATECOERE - BLAGNAC;2015-11-23T01:00:00+01:00;NON;SONORE;TRAM;TM;31069;CARREFOUR STANDARD;T10
43.6237019831,1.38825736756;5534;1;RAYMOND NADOT - BLAGNAC;5534 : RAYMOND NADOT - BLAGNAC;2015-11-23T01:00:00+01:00;NON;SONORE;TRAM;TM;31069;CARREFOUR STANDARD;T10
43.6251458436,1.38246737621;5536;2;POTEZ DEWOITINE - BLAGNAC;5536 : POTEZ DEWOITINE - BLAGNAC;2015-11-23T01:00:00+01:00;NON;SONORE;TRAM;TM;31069;CARREFOUR STANDARD;T10
43.6321309174,1.37512601597;5543;1;DABRY AEROPORT- BLAGNAC;5543 : DABRY AEROPORT- BLAGNAC;2015-11-23T01:00:00+01:00;NON;SONORE;TRAM;TM;31069;CARREFOUR STANDARD;T10
43.6541369716,1.36842327193;5550;1;BERLIOT - SAND;5550 : BERLIOT - SAND;2016-12-14T01:00:00+01:00;NON;SONORE;NON;TM;31069;CARREFOUR STANDARD;T10
43.5806607927,1.48196120753;602;1;TAHITI  RIEUX;602 : TAHITI  RIEUX;2017-10-17T02:00:00+02:00;NON;VOCAL;NON;TM;31555;CARREFOUR STANDARD;AUCUN
43.5236047497,1.3427185597;6804;1;LAVANDIERES - REPUBLIQUE;6804 : LAVANDIERES - REPUBLIQUE;2017-05-24T02:00:00+02:00;NON;SONORE;NON;TM;31588;CARREFOUR STANDARD;T08
43.5763406051,1.39573713252;429;2;PPS BOURLIAGUET -BAZERQUE;429 : PPS BOURLIAGUET -BAZERQUE;2015-11-23T01:00:00+01:00;PPS;VOCAL;NON;TM;31555;CARREFOUR PPS;T09
43.5650260317,1.40117257567;224;1;PPS BRAQUE - BELLEFONTAINE;224 : PPS BRAQUE - BELLEFONTAINE;2015-11-23T01:00:00+01:00;PPS;VOCAL;NON;TM;31555;CARREFOUR PPS;T08
43.6051001226,1.45691783295;21;1;COLOMBETTE - GLOIRE;21 : COLOMBETTE - GLOIRE;2015-11-23T01:00:00+01:00;NON;VOCAL;NON;TM;31555;CARREFOUR STANDARD;T02
43.5636651227,1.3868762249;559;1;BASSO CAMBO - EISENHOWER;559 : BASSO CAMBO - EISENHOWER;2015-11-23T01:00:00+01:00;NON;SONORE;NON;TM;31555;CARREFOUR STANDARD;T08
43.6121363585,1.46750436708;563;2;PPS HEREDIA - CRETES;563 : PPS HEREDIA - CRETES;2015-11-23T01:00:00+01:00;PPS;SONORE;NON;TM;31555;CARREFOUR PPS;T04
43.5975103776,1.45891742443;625;1;LAROUSSE RIEUX;625 : LAROUSSE RIEUX;2017-10-17T02:00:00+02:00;NON;VOCAL;NON;TM;31555;CARREFOUR PIETON;AUCUN
43.5947891529,1.45284060074;140;2;MISTRAL - BOULINGRIN;140 : MISTRAL - BOULINGRIN;2015-11-23T01:00:00+01:00;NON;VOCAL;NON;TM;31555;CARREFOUR PIETON;T01
43.5408749596,1.48169649848;5214;2;PASSAGE PIETON 8 MAI 1945 RD81;5214 : PASSAGE PIETON 8 MAI 1945 RD81;2017-10-17T02:00:00+02:00;NON;SONORE;TCSP;HTM;31446;CARREFOUR PIETON;AUCUN
43.5628094096,1.28967733112;9101;1;PARKING MONESTIE - RTE DE LOMBEZ;9101 : PARKING MONESTIE - RTE DE LOMBEZ;2018-11-27T01:00:00+01:00;NON;VOCAL;NON;HTM;31424;CARREFOUR STANDARD;
43.5966895384,1.48308975669;40;1;CITE DE L' HERS - CASTRES;40 : CITE DE L' HERS - CASTRES;2015-11-23T01:00:00+01:00;NON;VOCAL;NON;TM;31555;CARREFOUR PIETON;T05
43.5711128493,1.3916155388;667;1;P+R BASSO CAMBO - BAZERQUE;667 : P+R BASSO CAMBO - BAZERQUE;2019-06-27T02:00:00+02:00;NON;SONORE;TC;TM;31555;CARREFOUR STANDARD;
43.6356709742,1.46395336742;35;1;CROIX DAURADE - NICOL;35 : CROIX DAURADE - NICOL;2015-11-23T01:00:00+01:00;NON;SONORE;NON;TM;31555;CARREFOUR STANDARD;T04
43.6036588913,1.45082716892;51;1;ROLAND - CARNOT;51 : ROLAND - CARNOT;2015-11-23T01:00:00+01:00;NON;VOCAL;NON;TM;31555;CARREFOUR STANDARD;T01
43.6096977435,1.43266458514;359;1;LECLERC - LASCROSSES;359 : LECLERC - LASCROSSES;2015-11-23T01:00:00+01:00;NON;VOCAL;NON;TM;31555;CARREFOUR STANDARD;T01
43.6103890403,1.43487308409;395;1;DUPORTAL - LASCROSSES;395 : DUPORTAL - LASCROSSES;2015-11-23T01:00:00+01:00;NON;VOCAL;NON;TM;31555;CARREFOUR STANDARD;T01
43.5910111177,1.45263264332;77;2;FRIZAC - DUMERIL;77 : FRIZAC - DUMERIL;2015-11-23T01:00:00+01:00;NON;VOCAL;NON;TM;31555;CARREFOUR STANDARD;T07
43.6213084504,1.45791135801;80;1;LAVAUR - BONNEFOY;80 : LAVAUR - BONNEFOY;2015-11-23T01:00:00+01:00;NON;SONORE;NON;TM;31555;CARREFOUR STANDARD;T04
43.6162037227,1.45328369449;504;1;SAINT LAURENT - BONNEFOY;504 : SAINT LAURENT - BONNEFOY;2015-11-23T01:00:00+01:00;NON;SONORE;NON;TM;31555;CARREFOUR STANDARD;T04
43.5960313341,1.46295923015;100;1;CASSAGNE - RIEUX;100 : CASSAGNE - RIEUX;2015-11-23T01:00:00+01:00;NON;SONORE;NON;TM;31555;CARREFOUR STANDARD;T05
43.6112010133,1.41945939886;114;1;PONTS  JUMEAUX;114 : PONTS  JUMEAUX;2015-11-23T01:00:00+01:00;NON;SONORE;NON;TM;31555;CARREFOUR STANDARD;T01
43.559950283,1.39490324389;277;1;LESTANG - EISENHOWER;277 : LESTANG - EISENHOWER;2015-11-23T01:00:00+01:00;NON;SONORE;NON;TM;31555;CARREFOUR STANDARD;T08
43.5589650464,1.39851757562;570;1;BERNET - EISENHOWER;570 : BERNET - EISENHOWER;2015-11-23T01:00:00+01:00;NON;SONORE;NON;TM;31555;CARREFOUR STANDARD;T08
43.5702262043,1.41608733353;575;1;MARTYRS - SEYSSES;575 : MARTYRS - SEYSSES;2015-11-23T01:00:00+01:00;NON;SONORE;NON;TM;31555;CARREFOUR STANDARD;T08
43.5980623834,1.43206583168;144;1;VIE - REPUBLIQUE;144 : VIE - REPUBLIQUE;2015-11-23T01:00:00+01:00;NON;SONORE;NON;TM;31555;CARREFOUR STANDARD;T01
43.6004139072,1.45197282775;4;1;MONUMENT AUX COMBATTANTS - CARNOT;4 : MONUMENT AUX COMBATTANTS - CARNOT;2015-11-23T01:00:00+01:00;NON;VOCAL;NON;TM;31555;CARREFOUR STANDARD;T01
43.6084595161,1.44583907921;5;1;JEANNE D'ARC - STRASBOURG;5 : JEANNE D'ARC - STRASBOURG;2015-11-23T01:00:00+01:00;NON;VOCAL;NON;TM;31555;CARREFOUR STANDARD;T01
43.601142895,1.35479040559;5904;1;INGRES - EUROPE;5904 : INGRES - EUROPE;2018-12-13T01:00:00+01:00;NON;SONORE;NON;TM;31149;CARREFOUR STANDARD;
43.5885478829,1.43116837437;38;1;BENEZET - MURET;38 : BENEZET - MURET;2015-11-23T01:00:00+01:00;NON;SONORE;TRAM;TM;31555;CARREFOUR STANDARD;T07
43.5541220813,1.3584259953;6007;1;RD23 - VCSM;6007 : RD23 - VCSM;2015-11-23T01:00:00+01:00;NON;SONORE;TCSP;TM;31157;CARREFOUR STANDARD;T09
43.6201340343,1.43596596304;43;1;CAILLOU GRIS - MINIMES;43 : CAILLOU GRIS - MINIMES;2015-11-23T01:00:00+01:00;NON;VOCAL;NON;TM;31555;CARREFOUR STANDARD;T02
43.5683122047,1.30301649531;9104;1;PRAT - PYRENEES;9104 : PRAT - PYRENEES;2018-12-07T01:00:00+01:00;NON;VOCAL;TCSP;HTM;31424;CARREFOUR STANDARD;
43.6182643999,1.43656588265;52;1;ESTEBE - MINIMES;52 : ESTEBE - MINIMES;2015-11-23T01:00:00+01:00;NON;VOCAL;NON;TM;31555;CARREFOUR PIETON;T02
43.5645732557,1.29423458443;9107;1;ARMAING - PYRENEES;9107 : ARMAING - PYRENEES;2018-12-21T01:00:00+01:00;NON;VOCAL;NON;HTM;31424;CARREFOUR STANDARD;
43.6290113752,1.46084489902;67;1;PPS BOURDON - ALBI;67 : PPS BOURDON - ALBI;2018-02-07T01:00:00+01:00;PPS;SONORE;NON;TM;31555;CARREFOUR PPS;T04
43.6155676375,1.42425396628;99;1;MANUTENTION - ROLAND GARROS;99 : MANUTENTION - ROLAND GARROS;2015-11-23T01:00:00+01:00;NON;SONORE;NON;TM;31555;CARREFOUR STANDARD;T02
43.596369004,1.47827891177;102;1;DUROUX - NAVES;102 : DUROUX - NAVES;2015-11-23T01:00:00+01:00;NON;SONORE;NON;TM;31555;CARREFOUR STANDARD;T05
43.5783291979,1.45783738917;120;1;BEDOUCE - LAURAGAIS;120 : BEDOUCE - LAURAGAIS;2015-11-23T01:00:00+01:00;NON;SONORE;NON;TM;31555;CARREFOUR STANDARD;T07
43.6006226599,1.42028569409;123;1;JEAN BRUNHES - FONTAINES;123 : JEAN BRUNHES - FONTAINES;2015-11-23T01:00:00+01:00;NON;SONORE;NON;TM;31555;CARREFOUR STANDARD;T10
43.5940439903,1.43361595049;129;1;CASERNE VION - FITTE;129 : CASERNE VION - FITTE;2015-11-23T01:00:00+01:00;NON;VOCAL;NON;TM;31555;CARREFOUR STANDARD;T01
43.6051358066,1.47870643805;132;1;AYGA - CHAUBET;132 : AYGA - CHAUBET;2015-11-23T01:00:00+01:00;NON;SONORE;NON;TM;31555;CARREFOUR STANDARD;T05
43.5876235249,1.41814310295;133;1;LAMARTINE - DESBALS;133 : LAMARTINE - DESBALS;2015-11-23T01:00:00+01:00;NON;SONORE;NON;TM;31555;CARREFOUR STANDARD;T08
43.6044132364,1.40498534144;159;2;TOEC - GRANDE BRETAGNE;159 : TOEC - GRANDE BRETAGNE;2015-11-23T01:00:00+01:00;NON;SONORE;TRAM;TM;31555;CARREFOUR STANDARD;T10
43.5709189515,1.40869019609;177;1;KIEV - REYNERIE;177 : KIEV - REYNERIE;2015-11-23T01:00:00+01:00;NON;SONORE;NON;TM;31555;CARREFOUR STANDARD;T08
43.6200902053,1.42399087893;182;1;SANG DE SERP - SUISSE;182 : SANG DE SERP - SUISSE;2015-11-23T01:00:00+01:00;NON;SONORE;NON;TM;31555;CARREFOUR STANDARD;T02
43.6419251864,1.46714268629;201;1;ALBI - ATLANTA;201 : ALBI - ATLANTA;2015-11-23T01:00:00+01:00;NON;SONORE;NON;TM;31555;CARREFOUR STANDARD;T04
43.5932083366,1.4314636135;216;1;PPS SAINTE LUCIE;216 : PPS SAINTE LUCIE;2015-11-23T01:00:00+01:00;PPS;VOCAL;NON;TM;31555;CARREFOUR PPS;T08
43.6294138943,1.48264539538;221;1;GABARDIE - AGDE;221 : GABARDIE - AGDE;2015-11-23T01:00:00+01:00;NON;SONORE;NON;TM;31555;CARREFOUR STANDARD;T04
43.6400900118,1.43547622041;222;1;CES LALANDE - SEMINAIRE;222 : CES LALANDE - SEMINAIRE;2015-11-23T01:00:00+01:00;NON;VOCAL;NON;TM;31555;CARREFOUR PIETON;T03
43.6338993232,1.46833421379;195;1;RENOIR - NICOL;195 : RENOIR - NICOL;2015-11-23T01:00:00+01:00;NON;SONORE;NON;TM;31555;CARREFOUR STANDARD;T04
43.5986465677,1.41813000198;223;1;BRAVES - GRANDE BRETAGNE;223 : BRAVES - GRANDE BRETAGNE;2015-11-23T01:00:00+01:00;NON;SONORE;NON;TM;31555;CARREFOUR STANDARD;T10
43.6155562527,1.44551972879;255;1;PASSERELLE RAISIN - MINIMES;255 : PASSERELLE RAISIN - MINIMES;2015-11-23T01:00:00+01:00;NON;VOCAL;NON;TM;31555;CARREFOUR PIETON;T02
43.6087167653,1.42326080055;266;1;DELORME - BRIENNE;266 : DELORME - BRIENNE;2015-11-23T01:00:00+01:00;NON;VOCAL;NON;TM;31555;CARREFOUR PIETON;T01
43.5819833639,1.42576462764;291;1;BOUTINON - MURET;291 : BOUTINON - MURET;2015-11-23T01:00:00+01:00;NON;SONORE;NON;TM;31555;CARREFOUR STANDARD;T07
43.5743162593,1.45186818571;287;1;VIALA - JULES JULIEN;287 : VIALA - JULES JULIEN;2015-11-23T01:00:00+01:00;NON;VOCAL;NON;TM;31555;CARREFOUR STANDARD;T07
43.6110784187,1.44138161155;294;1;PPS ECOLE DU NORD - ARCOLE;294 : PPS ECOLE DU NORD - ARCOLE;2015-11-23T01:00:00+01:00;PPS;VOCAL;NON;TM;31555;CARREFOUR PPS;T01
43.6070048185,1.44735299787;318;1;PPS DENFERT ROCHEREAU - STRASBOURG;318 : PPS DENFERT ROCHEREAU - STRASBOURG;2015-11-23T01:00:00+01:00;PPS;VOCAL;NON;TM;31555;CARREFOUR PPS;T01
43.6133077945,1.40151735093;337;2;ESPAGNO - CASSELARDIT;337 : ESPAGNO - CASSELARDIT;2015-11-23T01:00:00+01:00;NON;SONORE;TRAM;TM;31555;CARREFOUR STANDARD;T10
43.616505107,1.40885767826;44;1;SEPT DENIERS - BLAGNAC;44 : SEPT DENIERS - BLAGNAC;2019-07-31T02:00:00+02:00;NON;SONORE;NON;TM;31555;CARREFOUR PIETON;T02
43.6073920735,1.4852980076;351;2;CHAUBET - ROCADE CAMPAGNE;351 : CHAUBET - ROCADE CAMPAGNE;2015-11-23T01:00:00+01:00;NON;SONORE;NON;TM;31555;CARREFOUR STANDARD;T05
43.6281684508,1.47941132122;354;1;AGDE ROCADE - CAMPAGNE BORDEAUX;354 : AGDE ROCADE - CAMPAGNE BORDEAUX;2015-11-23T01:00:00+01:00;NON;SONORE;NON;TM;31555;CARREFOUR STANDARD;T04
43.5806046084,1.47852860264;375;1;FONTENELLE - SAINT EXUPERY;375 : FONTENELLE - SAINT EXUPERY;2015-11-23T01:00:00+01:00;NON;VOCAL;NON;TM;31555;CARREFOUR PIETON;T05
43.6025534489,1.40943094085;391;2;CHARLEVILLE - GRANDE  BRETAGNE;391 : CHARLEVILLE - GRANDE  BRETAGNE;2015-11-23T01:00:00+01:00;NON;SONORE;TRAM;TM;31555;CARREFOUR STANDARD;T10
43.5891875873,1.46075905117;417;1;DORVAL - MEDITERRANEE;417 : DORVAL - MEDITERRANEE;2015-11-23T01:00:00+01:00;NON;SONORE;NON;TM;31555;CARREFOUR STANDARD;T02
43.6149671289,1.43302636788;424;1;CHAUSSAS - EMBOUCHURE;424 : CHAUSSAS - EMBOUCHURE;2015-11-23T01:00:00+01:00;NON;SONORE;NON;TM;31555;CARREFOUR STANDARD;T02
43.5691810422,1.50304762806;396;1;CLEMATITES - REVEL;396 : CLEMATITES - REVEL;2015-11-23T01:00:00+01:00;NON;VOCAL;NON;TM;31555;CARREFOUR PIETON;T06
43.599936137,1.43316891102;403;1;PPS QUILMERY - SAINT PIERRE;403 : PPS QUILMERY - SAINT PIERRE;2019-01-14T01:00:00+01:00;PPS;SONORE;NON;TM;31555;CARREFOUR PPS;T01
43.5804135528,1.42446224963;432;1;PPS SAINT HIPPOLYTE - MURET;432 : PPS SAINT HIPPOLYTE - MURET;2015-11-23T01:00:00+01:00;PPS;VOCAL;NON;TM;31555;CARREFOUR PPS;T07
43.5595041115,1.42463791791;434;1;MARCHANT - ESPAGNE;434 : MARCHANT - ESPAGNE;2015-11-23T01:00:00+01:00;NON;SONORE;NON;TM;31555;CARREFOUR STANDARD;T07
43.5531035655,1.39728899226;438;1;VOUET - SEYSSES;438 : VOUET - SEYSSES;2015-11-23T01:00:00+01:00;NON;SONORE;NON;TM;31555;CARREFOUR STANDARD;T08
43.6104498397,1.42005561454;450;1;PPS BARCELONE - BRIENNE;450 : PPS BARCELONE - BRIENNE;2015-11-23T01:00:00+01:00;PPS;VOCAL;NON;TM;31555;CARREFOUR PPS;T01
43.6085927331,1.48039910623;451;1;PPS SOLIDARITE - PLANA;451 : PPS SOLIDARITE - PLANA;2015-11-23T01:00:00+01:00;PPS;VOCAL;NON;TM;31555;CARREFOUR PPS;T04
43.5693808912,1.40818468502;425;2;PPS REYNERIE - ECOLE;425 : PPS REYNERIE - ECOLE;2015-11-23T01:00:00+01:00;PPS;VOCAL;NON;TM;31555;CARREFOUR PPS;T08
43.5610154222,1.36963260106;499;1;LICARD - SAINT SIMON;499 : LICARD - SAINT SIMON;2015-11-23T01:00:00+01:00;NON;SONORE;NON;TM;31555;CARREFOUR STANDARD;T09
43.5684667425,1.39260120816;513;2;PPS CASINO SORTIE;513 : PPS CASINO SORTIE;2015-11-23T01:00:00+01:00;PPS;SONORE;NON;TM;31555;CARREFOUR PPS;T08
43.6371468465,1.45270309599;518;1;MELAT- BOURGES MAUNOURY;518 : MELAT- BOURGES MAUNOURY;2015-11-23T01:00:00+01:00;NON;SONORE;NON;TM;31555;CARREFOUR STANDARD;T03
43.5938587031,1.4658810664;528;1;PPS PRADAL - RIEUX;528 : PPS PRADAL - RIEUX;2015-11-23T01:00:00+01:00;PPS;SONORE;NON;TM;31555;CARREFOUR PPS;T05
43.6151498724,1.4652765805;533;2;PPS CRETES;533 : PPS CRETES;2015-11-23T01:00:00+01:00;PPS;VOCAL;NON;TM;31555;CARREFOUR PPS;T04
43.6403498825,1.45175803968;549;1;NETWILLER-MAUNOURY;549 : NETWILLER-MAUNOURY;2015-11-23T01:00:00+01:00;NON;SONORE;TCSP;TM;31555;CARREFOUR STANDARD;T03
43.5933348833,1.40893347506;595;2;NEGOGOUSSES - COURSES;595 : NEGOGOUSSES - COURSES;2015-11-23T01:00:00+01:00;NON;SONORE;TRAM;TM;31555;CARREFOUR STANDARD;T10
43.5956319479,1.40995587027;598;2;ROQUEMAUREL - MAILLART;598 : ROQUEMAUREL - MAILLART;2015-11-23T01:00:00+01:00;NON;SONORE;TRAM;TM;31555;CARREFOUR STANDARD;T10
43.6074628197,1.40224246533;601;1;ECOLE INFIRMIERE - BASTARD;601 : ECOLE INFIRMIERE - BASTARD;2015-11-23T01:00:00+01:00;NON;SONORE;TRAM;TM;31555;CARREFOUR STANDARD;T10
43.6140043419,1.39726833114;606;1;ESPAGNO - ARENES ROMAINES;606 : ESPAGNO - ARENES ROMAINES;2015-11-23T01:00:00+01:00;NON;SONORE;TRAM;TM;31555;CARREFOUR STANDARD;T10
43.5796217437,1.44346116211;583;1;PPS CITE DU 2 MAI 1944 - FERETRA;583 : PPS CITE DU 2 MAI 1944 - FERETRA;2018-06-21T02:00:00+02:00;PPS;SONORE;NON;TM;31555;CARREFOUR PPS;T07
43.6451333403,1.45517515398;621;3;ROSTAND - BUN;621 : ROSTAND - BUN;2016-12-14T01:00:00+01:00;NON;SONORE;TCSP;TM;31555;CARREFOUR STANDARD;T03
43.6603777297,1.43161865611;615;1;PPS DAUMIER - FRONTON;615 : PPS DAUMIER - FRONTON;2015-11-23T01:00:00+01:00;PPS;VOCAL;NON;TM;31555;CARREFOUR PPS;T03
43.6457477211,1.45515959439;658;1;Echangeur Borderouge SUD;658 : Echangeur Borderouge SUD;2016-12-14T01:00:00+01:00;NON;SONORE;NON;TM;31555;CARREFOUR STANDARD;T03
43.5600939828,1.36059043806;631;1;TUCAUT - VCSM;631 : TUCAUT - VCSM;2015-11-23T01:00:00+01:00;NON;SONORE;TCSP;TM;31157;CARREFOUR STANDARD;T09
43.5484765709,1.39996621248;637;1;THIBAUD - DAMOYSEL;637 : THIBAUD - DAMOYSEL;2015-11-23T01:00:00+01:00;NON;SONORE;NON;TM;31555;CARREFOUR STANDARD;T08
43.6078294133,1.45504039529;638;1;PPS 7 TROUBADOURS - RIQUET;638 : PPS 7 TROUBADOURS - RIQUET;2015-11-23T01:00:00+01:00;PPS;VOCAL;NON;TM;31555;CARREFOUR PPS;T02
43.6122112084,1.38359095915;653;1;124 RUE DE VELASQUEZ;653 : 124 RUE DE VELASQUEZ;2017-05-24T02:00:00+02:00;NON;SONORE;NON;TM;31555;CARREFOUR STANDARD;T09
43.5543671854,1.47679945874;5201;1;LATECOERE - RAMONVILLE;5201 : LATECOERE - RAMONVILLE;2015-11-23T01:00:00+01:00;NON;SONORE;NON;HTM;31446;CARREFOUR STANDARD;T06
43.5522656039,1.46925729893;5202;1;CIGOGNES - RAMONVILLE;5202 : CIGOGNES - RAMONVILLE;2015-11-23T01:00:00+01:00;NON;SONORE;NON;HTM;31446;CARREFOUR STANDARD;T06
43.5448161091,1.47615253536;5210;1;BERGES TOLOSANE - RAMONVILLE;5210 : BERGES TOLOSANE - RAMONVILLE;2015-11-23T01:00:00+01:00;NON;SONORE;NON;HTM;31446;CARREFOUR STANDARD;T06
43.6251453456,1.39345915814;5503;1;SERVANTY - Rte GRENADE BLAGNAC;5503 : SERVANTY - Rte GRENADE BLAGNAC;2015-11-23T01:00:00+01:00;NON;SONORE;TRAM;TM;31069;CARREFOUR STANDARD;T10
43.6360875907,1.38784604494;5508;1;PARC MURIERS - BLAGNAC;5508 : PARC MURIERS - BLAGNAC;2015-11-23T01:00:00+01:00;NON;SONORE;TRAM;TM;31069;CARREFOUR STANDARD;T10
43.6375926413,1.38352157655;5510;1;CORNEBARRIEU PINS - BLAGNAC;5510 : CORNEBARRIEU PINS - BLAGNAC;2015-11-23T01:00:00+01:00;NON;SONORE;TRAM;TM;31069;CARREFOUR STANDARD;T10
43.6632009307,1.36243236856;5523;1;GAROSSOS - BLAGNAC;5523 : GAROSSOS - BLAGNAC;2015-11-23T01:00:00+01:00;NON;SONORE;TRAM;TM;31069;CARREFOUR STANDARD;T10
43.6229690138,1.3909228268;5533;1;LATECOERE ARIANE - BLAGNAC;5533 : LATECOERE ARIANE - BLAGNAC;2015-11-23T01:00:00+01:00;NON;SONORE;TRAM;TM;31069;CARREFOUR STANDARD;T10
43.627145972,1.38104324943;5537;1;N° 3 AVENUE DIDIER DAURAT - BLAGNAC;5537 : N° 3 AVENUE DIDIER DAURAT - BLAGNAC;2015-11-23T01:00:00+01:00;NON;SONORE;TRAM;TM;31069;CARREFOUR STANDARD;T10
43.6453297426,1.38505394526;5549;1;TONNELIERS RTE de GRENADE - BLAGNAC;5549 : TONNELIERS RTE de GRENADE - BLAGNAC;2015-11-23T01:00:00+01:00;NON;SONORE;NON;TM;31069;CARREFOUR PIETON;T10
43.6551101702,1.37819611713;5551;2;MITTERRAND - BLAGNAC;5551 : MITTERRAND - BLAGNAC;2015-11-23T01:00:00+01:00;NON;SONORE;NON;TM;31069;CARREFOUR PIETON;T10
43.663380073,1.37270781804;5605;1;PPS RTE GRENADE - BEAUZELLE;5605 : PPS RTE GRENADE - BEAUZELLE;2016-12-14T01:00:00+01:00;PPS;VOCAL;NON;TM;31056;CARREFOUR PPS;T10
43.6637586522,1.50139968919;7102;1;BAUDELAIRE - ST JEAN;7102 : BAUDELAIRE - ST JEAN;2015-11-23T01:00:00+01:00;NON;SONORE;NON;TM;31488;CARREFOUR STANDARD;T04
43.5693501291,1.46409812667;655;1;MARAICHERS - IUT RANGUEIL;655 : MARAICHERS - IUT RANGUEIL;2017-05-24T02:00:00+02:00;NON;SONORE;NON;TM;31555;CARREFOUR STANDARD;T06
43.5660686869,1.45908191336;618;1;PPS IUT PONSAN - NARBONNE;618 : PPS IUT PONSAN - NARBONNE;2015-11-23T01:00:00+01:00;PPS;VOCAL;NON;TM;31555;CARREFOUR PPS;T06
43.5739979203,1.41965167983;320;1;BERNADETTE - SEYSSES;320 : BERNADETTE - SEYSSES;2015-11-23T01:00:00+01:00;NON;SONORE;NON;TM;31555;CARREFOUR STANDARD;T08
43.5756205768,1.42093316518;136;1;PPS CHARPENTIER - SEYSSES;136 : PPS CHARPENTIER - SEYSSES;2015-11-23T01:00:00+01:00;PPS;VOCAL;NON;TM;31555;CARREFOUR PPS;T08
43.5766092695,1.42410105862;487;2;PPS PENENT SORTIE VILLE - ESPAGNE;487 : PPS PENENT SORTIE VILLE - ESPAGNE;2015-11-23T01:00:00+01:00;PPS;VOCAL;NON;TM;31555;CARREFOUR PPS;T07
43.5947715272,1.44883980985;28;1;OZENNE - GUESDE;28 : OZENNE - GUESDE;2015-11-23T01:00:00+01:00;NON;VOCAL;NON;TM;31555;CARREFOUR STANDARD;T01
43.5791283678,1.42354006186;45;1;BARBUSSE - ESPAGNE;45 : BARBUSSE - ESPAGNE;2015-11-23T01:00:00+01:00;NON;SONORE;NON;TM;31555;CARREFOUR STANDARD;T07
43.6047310122,1.35504622665;659;1;GAYE MARIE - BENOZZI;659 : GAYE MARIE - BENOZZI;2018-12-13T01:00:00+01:00;NON;SONORE;NON;TM;31555;CARREFOUR STANDARD;
43.614973328,1.45193934742;649;1;DEPOSE GARE -LYON;649 : DEPOSE GARE -LYON;2017-12-20T01:00:00+01:00;NON;SONORE;NON;TM;31555;CARREFOUR STANDARD;
43.6779626755,1.39278782761;7802;1;SPORT - JAURES;7802 : SPORT - JAURES;2019-04-09T02:00:00+02:00;NON;SONORE;NON;TM;31182;CARREFOUR STANDARD;
43.6645656024,1.36180603695;5601;1;Bd de l'Europe - Avenue de Garossos;5601 : Bd de l'Europe - Avenue de Garossos;2019-10-16T02:00:00+02:00;NON;SONORE;TRAM;TM;31056;CARREFOUR STANDARD;
43.5979448259,1.4520327999;339;1;PPS SAINT JACQUES - VERDIER;339 : PPS SAINT JACQUES - VERDIER;2019-09-09T02:00:00+02:00;PPS;SONORE;NON;TM;31555;CARREFOUR PPS;T01
43.5980397689,1.44555946723;25;1;CARMES - LANGUEDOC;25 : CARMES - LANGUEDOC;2018-07-20T02:00:00+02:00;NON;VOCAL;NON;TM;31555;CARREFOUR STANDARD;T01
43.5968267307,1.45276273927;-9999;1;VERDIER - BOULINGRIN;393-1 : VERDIER - BOULINGRIN;2020-01-16T01:00:00+01:00;NON;SONORE;NON;TM;31555;CARREFOUR PIETON;T01
43.6074920639,1.45133160045;29;1;BACHELIER - JAURES;29 : BACHELIER - JAURES;2015-11-23T01:00:00+01:00;NON;VOCAL;NON;TM;31555;CARREFOUR STANDARD;T02
43.6333819168,1.43338753565;79;1;FERRY - FRONTON;79 : FERRY - FRONTON;2015-11-23T01:00:00+01:00;NON;SONORE;NON;TM;31555;CARREFOUR STANDARD;T03
43.6449324762,1.43332105652;561;1;DUCLOS - FRONTON;561 : DUCLOS - FRONTON;2015-11-23T01:00:00+01:00;NON;VOCAL;NON;TM;31555;CARREFOUR STANDARD;T03
43.5891933875,1.41338972847;165;1;CORNEILLE - SAINT SIMON;165 : CORNEILLE - SAINT SIMON;2015-11-23T01:00:00+01:00;NON;VOCAL;NON;TM;31555;CARREFOUR STANDARD;T09
43.5971438606,1.42713504724;82;1;GASCOGNE - BILLIERES;82 : GASCOGNE - BILLIERES;2015-11-23T01:00:00+01:00;NON;SONORE;NON;TM;31555;CARREFOUR STANDARD;T09
43.5858276672,1.46529380181;85;1;BARRAU - SAINT EXUPERY;85 : BARRAU - SAINT EXUPERY;2015-11-23T01:00:00+01:00;NON;VOCAL;NON;TM;31555;CARREFOUR STANDARD;T05
43.6117776318,1.45768292804;89;1;MARENGO - POMPIDOU;89 : MARENGO - POMPIDOU;2015-11-23T01:00:00+01:00;NON;SONORE;NON;TM;31555;CARREFOUR STANDARD;T04
43.5839988329,1.47793972246;101;1;LARTET - RIEUX;101 : LARTET - RIEUX;2015-11-23T01:00:00+01:00;NON;VOCAL;NON;TM;31555;CARREFOUR STANDARD;T05
43.6200201097,1.46887837954;130;1;ROSERAIE;130 : ROSERAIE;2015-11-23T01:00:00+01:00;NON;SONORE;NON;TM;31555;CARREFOUR STANDARD;T04
43.5994982268,1.4296419865;296;1;VARSI - FITTE;296 : VARSI - FITTE;2015-11-23T01:00:00+01:00;NON;VOCAL;NON;TM;31555;CARREFOUR STANDARD;T01
43.5608555363,1.40504436629;548;1;RIMONT - SEYSSES;548 : RIMONT - SEYSSES;2015-11-23T01:00:00+01:00;NON;SONORE;NON;TM;31555;CARREFOUR STANDARD;T08
43.5398392454,1.37356067809;9002;1;SEYSSES - FRANCAZAL;9002 : SEYSSES - FRANCAZAL;2016-12-14T01:00:00+01:00;NON;SONORE;TCSP;HTM;31433;CARREFOUR STANDARD;T08
43.5919457669,1.49039759081;640;1;LIMAYRAC - GONORD;640 : LIMAYRAC - GONORD;2015-11-23T01:00:00+01:00;NON;SONORE;NON;TM;31555;CARREFOUR STANDARD;T05
43.5372569484,1.48214670292;5206;1;STATION SUD RD813 - RAMONVILLE;5206 : STATION SUD RD813 - RAMONVILLE;2015-11-23T01:00:00+01:00;NON;SONORE;TCSP;HTM;31446;CARREFOUR STANDARD;T06
